image1,image2,label
lfw-deepfunneled/lfw-deepfunneled/Al_Pacino/Al_Pacino_0002.jpg,lfw-deepfunneled/lfw-deepfunneled/Al_Pacino/Al_Pacino_0003.jpg,1
lfw-deepfunneled/lfw-deepfunneled/Rick_Stansbury/Rick_Stansbury_0003.jpg,lfw-deepfunneled/lfw-deepfunneled/Rick_Stansbury/Rick_Stansbury_0002.jpg,1
lfw-deepfunneled/lfw-deepfunneled/Jeremy_Shockey/Jeremy_Shockey_0001.jpg,lfw-deepfunneled/lfw-deepfunneled/Jeremy_Shockey/Jeremy_Shockey_0002.jpg,1
lfw-deepfunneled/lfw-deepfunneled/Carlos_Vives/Carlos_Vives_0004.jpg,lfw-deepfunneled/lfw-deepfunneled/Carlos_Vives/Carlos_Vives_0002.jpg,1
lfw-deepfunneled/lfw-deepfunneled/Ibrahim_Jaafari/Ibrahim_Jaafari_0001.jpg,lfw-deepfunneled/lfw-deepfunneled/Ozzy_Osbourne/Ozzy_Osbourne_0001.jpg,0
lfw-deepfunneled/lfw-deepfunneled/Jim_Furyk/Jim_Furyk_0001.jpg,lfw-deepfunneled/lfw-deepfunneled/Mary_Steenburgen/Mary_Steenburgen_0001.jpg,0
lfw-deepfunneled/lfw-deepfunneled/Lenny_Wilkens/Lenny_Wilkens_0003.jpg,lfw-deepfunneled/lfw-deepfunneled/Lenny_Wilkens/Lenny_Wilkens_0002.jpg,1
lfw-deepfunneled/lfw-deepfunneled/Bob_Dole/Bob_Dole_0003.jpg,lfw-deepfunneled/lfw-deepfunneled/Richard_Armitage/Richard_Armitage_0009.jpg,0
lfw-deepfunneled/lfw-deepfunneled/Harvey_Weinstein/Harvey_Weinstein_0001.jpg,lfw-deepfunneled/lfw-deepfunneled/Harvey_Weinstein/Harvey_Weinstein_0002.jpg,1
lfw-deepfunneled/lfw-deepfunneled/Bernard_Lord/Bernard_Lord_0002.jpg,lfw-deepfunneled/lfw-deepfunneled/Yasser_Arafat/Yasser_Arafat_0006.jpg,0
lfw-deepfunneled/lfw-deepfunneled/Andrew_Weissmann/Andrew_Weissmann_0003.jpg,lfw-deepfunneled/lfw-deepfunneled/Prince_Harry/Prince_Harry_0003.jpg,0
lfw-deepfunneled/lfw-deepfunneled/Zhang_Wenkang/Zhang_Wenkang_0001.jpg,lfw-deepfunneled/lfw-deepfunneled/Zhang_Wenkang/Zhang_Wenkang_0002.jpg,1
lfw-deepfunneled/lfw-deepfunneled/Conchita_Martinez/Conchita_Martinez_0003.jpg,lfw-deepfunneled/lfw-deepfunneled/Eliane_Karp/Eliane_Karp_0003.jpg,0
lfw-deepfunneled/lfw-deepfunneled/Charles_Kartman/Charles_Kartman_0002.jpg,lfw-deepfunneled/lfw-deepfunneled/Michael_Chang/Michael_Chang_0003.jpg,0
lfw-deepfunneled/lfw-deepfunneled/Ali_Abbas/Ali_Abbas_0002.jpg,lfw-deepfunneled/lfw-deepfunneled/Jason_Jennings/Jason_Jennings_0002.jpg,0
lfw-deepfunneled/lfw-deepfunneled/Steve_Ballmer/Steve_Ballmer_0001.jpg,lfw-deepfunneled/lfw-deepfunneled/Patrick_Leahy/Patrick_Leahy_0002.jpg,0
lfw-deepfunneled/lfw-deepfunneled/Patrice_Chereau/Patrice_Chereau_0002.jpg,lfw-deepfunneled/lfw-deepfunneled/Patrice_Chereau/Patrice_Chereau_0001.jpg,1
lfw-deepfunneled/lfw-deepfunneled/Justin_Gatlin/Justin_Gatlin_0001.jpg,lfw-deepfunneled/lfw-deepfunneled/Justin_Gatlin/Justin_Gatlin_0002.jpg,1
lfw-deepfunneled/lfw-deepfunneled/Fernando_Gonzalez/Fernando_Gonzalez_0008.jpg,lfw-deepfunneled/lfw-deepfunneled/Fernando_Gonzalez/Fernando_Gonzalez_0001.jpg,1
lfw-deepfunneled/lfw-deepfunneled/Meghann_Shaughnessy/Meghann_Shaughnessy_0001.jpg,lfw-deepfunneled/lfw-deepfunneled/Mikhail_Kasyanov/Mikhail_Kasyanov_0003.jpg,0
lfw-deepfunneled/lfw-deepfunneled/Alex_Sink/Alex_Sink_0002.jpg,lfw-deepfunneled/lfw-deepfunneled/Sally_Field/Sally_Field_0002.jpg,0
lfw-deepfunneled/lfw-deepfunneled/Arnoldo_Aleman/Arnoldo_Aleman_0003.jpg,lfw-deepfunneled/lfw-deepfunneled/Mikulas_Dzurinda/Mikulas_Dzurinda_0002.jpg,0
lfw-deepfunneled/lfw-deepfunneled/Ralph_Firman/Ralph_Firman_0001.jpg,lfw-deepfunneled/lfw-deepfunneled/Ralph_Firman/Ralph_Firman_0002.jpg,1
lfw-deepfunneled/lfw-deepfunneled/Jeong_Se-hyun/Jeong_Se-hyun_0002.jpg,lfw-deepfunneled/lfw-deepfunneled/Jeong_Se-hyun/Jeong_Se-hyun_0004.jpg,1
lfw-deepfunneled/lfw-deepfunneled/David_Anderson/David_Anderson_0003.jpg,lfw-deepfunneled/lfw-deepfunneled/Mack_Brown/Mack_Brown_0001.jpg,0
lfw-deepfunneled/lfw-deepfunneled/Steve_Spurrier/Steve_Spurrier_0001.jpg,lfw-deepfunneled/lfw-deepfunneled/Steve_Spurrier/Steve_Spurrier_0002.jpg,1
lfw-deepfunneled/lfw-deepfunneled/Julie_Gerberding/Julie_Gerberding_0014.jpg,lfw-deepfunneled/lfw-deepfunneled/Garry_Trudeau/Garry_Trudeau_0002.jpg,0
lfw-deepfunneled/lfw-deepfunneled/Shia_LaBeouf/Shia_LaBeouf_0002.jpg,lfw-deepfunneled/lfw-deepfunneled/Cate_Blanchett/Cate_Blanchett_0004.jpg,0
lfw-deepfunneled/lfw-deepfunneled/Tamara_Brooks/Tamara_Brooks_0001.jpg,lfw-deepfunneled/lfw-deepfunneled/Tamara_Brooks/Tamara_Brooks_0002.jpg,1
lfw-deepfunneled/lfw-deepfunneled/David_Heymann/David_Heymann_0001.jpg,lfw-deepfunneled/lfw-deepfunneled/David_Heymann/David_Heymann_0003.jpg,1
lfw-deepfunneled/lfw-deepfunneled/Giuseppe_Gibilisco/Giuseppe_Gibilisco_0001.jpg,lfw-deepfunneled/lfw-deepfunneled/Dai_Bachtiar/Dai_Bachtiar_0001.jpg,0
lfw-deepfunneled/lfw-deepfunneled/Ray_Nagin/Ray_Nagin_0001.jpg,lfw-deepfunneled/lfw-deepfunneled/Ray_Nagin/Ray_Nagin_0002.jpg,1
lfw-deepfunneled/lfw-deepfunneled/Robert_Stack/Robert_Stack_0001.jpg,lfw-deepfunneled/lfw-deepfunneled/Robert_Stack/Robert_Stack_0002.jpg,1
lfw-deepfunneled/lfw-deepfunneled/Strom_Thurmond/Strom_Thurmond_0002.jpg,lfw-deepfunneled/lfw-deepfunneled/Strom_Thurmond/Strom_Thurmond_0001.jpg,1
lfw-deepfunneled/lfw-deepfunneled/Robbie_Fowler/Robbie_Fowler_0002.jpg,lfw-deepfunneled/lfw-deepfunneled/Nicholas_Byron/Nicholas_Byron_0001.jpg,0
lfw-deepfunneled/lfw-deepfunneled/Harbhajan_Singh/Harbhajan_Singh_0002.jpg,lfw-deepfunneled/lfw-deepfunneled/Harbhajan_Singh/Harbhajan_Singh_0001.jpg,1
lfw-deepfunneled/lfw-deepfunneled/Richard_Armitage/Richard_Armitage_0006.jpg,lfw-deepfunneled/lfw-deepfunneled/Richard_Armitage/Richard_Armitage_0004.jpg,1
lfw-deepfunneled/lfw-deepfunneled/Paul_Kagame/Paul_Kagame_0002.jpg,lfw-deepfunneled/lfw-deepfunneled/Paul_Kagame/Paul_Kagame_0001.jpg,1
lfw-deepfunneled/lfw-deepfunneled/Jim_Furyk/Jim_Furyk_0006.jpg,lfw-deepfunneled/lfw-deepfunneled/Dan_Morales/Dan_Morales_0001.jpg,0
lfw-deepfunneled/lfw-deepfunneled/Mike_Price/Mike_Price_0001.jpg,lfw-deepfunneled/lfw-deepfunneled/Mike_Price/Mike_Price_0002.jpg,1
lfw-deepfunneled/lfw-deepfunneled/Monica_Seles/Monica_Seles_0005.jpg,lfw-deepfunneled/lfw-deepfunneled/Mohammad_Khatami/Mohammad_Khatami_0004.jpg,0
lfw-deepfunneled/lfw-deepfunneled/Lars_Von_Trier/Lars_Von_Trier_0002.jpg,lfw-deepfunneled/lfw-deepfunneled/Gian_Marco/Gian_Marco_0003.jpg,0
lfw-deepfunneled/lfw-deepfunneled/John_Timoney/John_Timoney_0001.jpg,lfw-deepfunneled/lfw-deepfunneled/Hun_Sen/Hun_Sen_0003.jpg,0
lfw-deepfunneled/lfw-deepfunneled/Jose_Theodore/Jose_Theodore_0002.jpg,lfw-deepfunneled/lfw-deepfunneled/Jose_Theodore/Jose_Theodore_0001.jpg,1
lfw-deepfunneled/lfw-deepfunneled/Juan_Carlos_Ferrero/Juan_Carlos_Ferrero_0018.jpg,lfw-deepfunneled/lfw-deepfunneled/Fabiola_Zuluaga/Fabiola_Zuluaga_0002.jpg,0
lfw-deepfunneled/lfw-deepfunneled/Naoto_Kan/Naoto_Kan_0002.jpg,lfw-deepfunneled/lfw-deepfunneled/Naoto_Kan/Naoto_Kan_0003.jpg,1
lfw-deepfunneled/lfw-deepfunneled/Tommy_Robredo/Tommy_Robredo_0003.jpg,lfw-deepfunneled/lfw-deepfunneled/Tommy_Robredo/Tommy_Robredo_0001.jpg,1
lfw-deepfunneled/lfw-deepfunneled/Jorge_Arce/Jorge_Arce_0002.jpg,lfw-deepfunneled/lfw-deepfunneled/Jorge_Arce/Jorge_Arce_0001.jpg,1
lfw-deepfunneled/lfw-deepfunneled/Vicente_Fernandez/Vicente_Fernandez_0001.jpg,lfw-deepfunneled/lfw-deepfunneled/Carlos_Manuel_Pruneda/Carlos_Manuel_Pruneda_0003.jpg,0
lfw-deepfunneled/lfw-deepfunneled/Eduard_Shevardnadze/Eduard_Shevardnadze_0003.jpg,lfw-deepfunneled/lfw-deepfunneled/Eduard_Shevardnadze/Eduard_Shevardnadze_0002.jpg,1
lfw-deepfunneled/lfw-deepfunneled/Paul_Pierce/Paul_Pierce_0001.jpg,lfw-deepfunneled/lfw-deepfunneled/Paul_Pierce/Paul_Pierce_0002.jpg,1
lfw-deepfunneled/lfw-deepfunneled/Naomi_Campbell/Naomi_Campbell_0002.jpg,lfw-deepfunneled/lfw-deepfunneled/Naomi_Campbell/Naomi_Campbell_0001.jpg,1
lfw-deepfunneled/lfw-deepfunneled/James_Kelly/James_Kelly_0004.jpg,lfw-deepfunneled/lfw-deepfunneled/Eric_Robert_Rudolph/Eric_Robert_Rudolph_0003.jpg,0
lfw-deepfunneled/lfw-deepfunneled/Terry_McAuliffe/Terry_McAuliffe_0001.jpg,lfw-deepfunneled/lfw-deepfunneled/Pedro_Malan/Pedro_Malan_0003.jpg,0
lfw-deepfunneled/lfw-deepfunneled/Bud_Selig/Bud_Selig_0004.jpg,lfw-deepfunneled/lfw-deepfunneled/Heath_Ledger/Heath_Ledger_0003.jpg,0
lfw-deepfunneled/lfw-deepfunneled/Patrick_McEnroe/Patrick_McEnroe_0001.jpg,lfw-deepfunneled/lfw-deepfunneled/Patrick_McEnroe/Patrick_McEnroe_0002.jpg,1
lfw-deepfunneled/lfw-deepfunneled/Jorge_Rodolfo_Canicoba_Corral/Jorge_Rodolfo_Canicoba_Corral_0002.jpg,lfw-deepfunneled/lfw-deepfunneled/Jorge_Rodolfo_Canicoba_Corral/Jorge_Rodolfo_Canicoba_Corral_0001.jpg,1
lfw-deepfunneled/lfw-deepfunneled/John_Stockton/John_Stockton_0002.jpg,lfw-deepfunneled/lfw-deepfunneled/John_Stockton/John_Stockton_0004.jpg,1
lfw-deepfunneled/lfw-deepfunneled/Alison_Lohman/Alison_Lohman_0002.jpg,lfw-deepfunneled/lfw-deepfunneled/Rick_Pitino/Rick_Pitino_0002.jpg,0
lfw-deepfunneled/lfw-deepfunneled/Terry_Stotts/Terry_Stotts_0001.jpg,lfw-deepfunneled/lfw-deepfunneled/Terry_Stotts/Terry_Stotts_0002.jpg,1
lfw-deepfunneled/lfw-deepfunneled/Ed_Smart/Ed_Smart_0001.jpg,lfw-deepfunneled/lfw-deepfunneled/Mariana_Pollack/Mariana_Pollack_0002.jpg,0
lfw-deepfunneled/lfw-deepfunneled/Antony_Leung/Antony_Leung_0002.jpg,lfw-deepfunneled/lfw-deepfunneled/Ozzy_Osbourne/Ozzy_Osbourne_0001.jpg,0
lfw-deepfunneled/lfw-deepfunneled/James_Maguire/James_Maguire_0002.jpg,lfw-deepfunneled/lfw-deepfunneled/James_Maguire/James_Maguire_0001.jpg,1
lfw-deepfunneled/lfw-deepfunneled/Anastasia_Myskina/Anastasia_Myskina_0003.jpg,lfw-deepfunneled/lfw-deepfunneled/Anastasia_Myskina/Anastasia_Myskina_0002.jpg,1
lfw-deepfunneled/lfw-deepfunneled/Sarah_Michelle_Gellar/Sarah_Michelle_Gellar_0001.jpg,lfw-deepfunneled/lfw-deepfunneled/Sarah_Michelle_Gellar/Sarah_Michelle_Gellar_0003.jpg,1
lfw-deepfunneled/lfw-deepfunneled/Robbie_Williams/Robbie_Williams_0003.jpg,lfw-deepfunneled/lfw-deepfunneled/Biljana_Plavsic/Biljana_Plavsic_0003.jpg,0
lfw-deepfunneled/lfw-deepfunneled/Camilla_Parker_Bowles/Camilla_Parker_Bowles_0001.jpg,lfw-deepfunneled/lfw-deepfunneled/Cherie_Blair/Cherie_Blair_0001.jpg,0
lfw-deepfunneled/lfw-deepfunneled/Xavier_Malisse/Xavier_Malisse_0004.jpg,lfw-deepfunneled/lfw-deepfunneled/Manuel_Poggiali/Manuel_Poggiali_0001.jpg,0
lfw-deepfunneled/lfw-deepfunneled/Gregory_Geoffroy/Gregory_Geoffroy_0002.jpg,lfw-deepfunneled/lfw-deepfunneled/Gregory_Geoffroy/Gregory_Geoffroy_0001.jpg,1
lfw-deepfunneled/lfw-deepfunneled/Dick_Latessa/Dick_Latessa_0001.jpg,lfw-deepfunneled/lfw-deepfunneled/Dick_Latessa/Dick_Latessa_0002.jpg,1
lfw-deepfunneled/lfw-deepfunneled/Dalai_Lama/Dalai_Lama_0001.jpg,lfw-deepfunneled/lfw-deepfunneled/Dalai_Lama/Dalai_Lama_0002.jpg,1
lfw-deepfunneled/lfw-deepfunneled/Christopher_Reeve/Christopher_Reeve_0004.jpg,lfw-deepfunneled/lfw-deepfunneled/Christopher_Reeve/Christopher_Reeve_0002.jpg,1
lfw-deepfunneled/lfw-deepfunneled/Dexter_Jackson/Dexter_Jackson_0001.jpg,lfw-deepfunneled/lfw-deepfunneled/Flavia_Delaroli/Flavia_Delaroli_0002.jpg,0
lfw-deepfunneled/lfw-deepfunneled/Anders_Fogh_Rasmussen/Anders_Fogh_Rasmussen_0002.jpg,lfw-deepfunneled/lfw-deepfunneled/Anders_Fogh_Rasmussen/Anders_Fogh_Rasmussen_0003.jpg,1
lfw-deepfunneled/lfw-deepfunneled/Charles_Mathews/Charles_Mathews_0002.jpg,lfw-deepfunneled/lfw-deepfunneled/Charles_Mathews/Charles_Mathews_0001.jpg,1
lfw-deepfunneled/lfw-deepfunneled/Bridgette_Wilson-Sampras/Bridgette_Wilson-Sampras_0002.jpg,lfw-deepfunneled/lfw-deepfunneled/James_Kopp/James_Kopp_0002.jpg,0
lfw-deepfunneled/lfw-deepfunneled/Anthony_Hopkins/Anthony_Hopkins_0002.jpg,lfw-deepfunneled/lfw-deepfunneled/Juan_Manuel_Marquez/Juan_Manuel_Marquez_0002.jpg,0
lfw-deepfunneled/lfw-deepfunneled/Tom_Glavine/Tom_Glavine_0002.jpg,lfw-deepfunneled/lfw-deepfunneled/Tom_Glavine/Tom_Glavine_0001.jpg,1
lfw-deepfunneled/lfw-deepfunneled/George_P_Bush/George_P_Bush_0001.jpg,lfw-deepfunneled/lfw-deepfunneled/George_P_Bush/George_P_Bush_0002.jpg,1
lfw-deepfunneled/lfw-deepfunneled/Jayson_Williams/Jayson_Williams_0003.jpg,lfw-deepfunneled/lfw-deepfunneled/Jayson_Williams/Jayson_Williams_0001.jpg,1
lfw-deepfunneled/lfw-deepfunneled/Lesley_McCulloch/Lesley_McCulloch_0003.jpg,lfw-deepfunneled/lfw-deepfunneled/Lesley_McCulloch/Lesley_McCulloch_0001.jpg,1
lfw-deepfunneled/lfw-deepfunneled/Carla_Del_Ponte/Carla_Del_Ponte_0005.jpg,lfw-deepfunneled/lfw-deepfunneled/Carla_Del_Ponte/Carla_Del_Ponte_0002.jpg,1
lfw-deepfunneled/lfw-deepfunneled/James_McGreevey/James_McGreevey_0003.jpg,lfw-deepfunneled/lfw-deepfunneled/James_McGreevey/James_McGreevey_0001.jpg,1
lfw-deepfunneled/lfw-deepfunneled/Abel_Pacheco/Abel_Pacheco_0003.jpg,lfw-deepfunneled/lfw-deepfunneled/Abel_Pacheco/Abel_Pacheco_0004.jpg,1
lfw-deepfunneled/lfw-deepfunneled/Tom_Harkin/Tom_Harkin_0003.jpg,lfw-deepfunneled/lfw-deepfunneled/Tom_Harkin/Tom_Harkin_0005.jpg,1
lfw-deepfunneled/lfw-deepfunneled/Janica_Kostelic/Janica_Kostelic_0002.jpg,lfw-deepfunneled/lfw-deepfunneled/Janica_Kostelic/Janica_Kostelic_0001.jpg,1
lfw-deepfunneled/lfw-deepfunneled/Ricardo_Monasterio/Ricardo_Monasterio_0002.jpg,lfw-deepfunneled/lfw-deepfunneled/Herta_Daeubler-Gmelin/Herta_Daeubler-Gmelin_0001.jpg,0
lfw-deepfunneled/lfw-deepfunneled/Norman_Jewison/Norman_Jewison_0001.jpg,lfw-deepfunneled/lfw-deepfunneled/Norman_Jewison/Norman_Jewison_0002.jpg,1
lfw-deepfunneled/lfw-deepfunneled/Jane_Pauley/Jane_Pauley_0001.jpg,lfw-deepfunneled/lfw-deepfunneled/Jane_Pauley/Jane_Pauley_0002.jpg,1
lfw-deepfunneled/lfw-deepfunneled/Ismail_Merchant/Ismail_Merchant_0001.jpg,lfw-deepfunneled/lfw-deepfunneled/Ismail_Merchant/Ismail_Merchant_0002.jpg,1
lfw-deepfunneled/lfw-deepfunneled/Greg_Ostertag/Greg_Ostertag_0001.jpg,lfw-deepfunneled/lfw-deepfunneled/Greg_Ostertag/Greg_Ostertag_0002.jpg,1
lfw-deepfunneled/lfw-deepfunneled/Benazir_Bhutto/Benazir_Bhutto_0004.jpg,lfw-deepfunneled/lfw-deepfunneled/Benazir_Bhutto/Benazir_Bhutto_0001.jpg,1
lfw-deepfunneled/lfw-deepfunneled/Patrick_Roy/Patrick_Roy_0002.jpg,lfw-deepfunneled/lfw-deepfunneled/Patrick_Roy/Patrick_Roy_0001.jpg,1
lfw-deepfunneled/lfw-deepfunneled/Robert_Witt/Robert_Witt_0002.jpg,lfw-deepfunneled/lfw-deepfunneled/Vin_Diesel/Vin_Diesel_0002.jpg,0
lfw-deepfunneled/lfw-deepfunneled/Carlos_Bianchi/Carlos_Bianchi_0001.jpg,lfw-deepfunneled/lfw-deepfunneled/Carlos_Bianchi/Carlos_Bianchi_0002.jpg,1
lfw-deepfunneled/lfw-deepfunneled/Horst_Koehler/Horst_Koehler_0003.jpg,lfw-deepfunneled/lfw-deepfunneled/Horst_Koehler/Horst_Koehler_0002.jpg,1
lfw-deepfunneled/lfw-deepfunneled/Jim_Furyk/Jim_Furyk_0001.jpg,lfw-deepfunneled/lfw-deepfunneled/Michael_Winterbottom/Michael_Winterbottom_0001.jpg,0
lfw-deepfunneled/lfw-deepfunneled/Yuri_Fedotov/Yuri_Fedotov_0002.jpg,lfw-deepfunneled/lfw-deepfunneled/Yukiko_Okudo/Yukiko_Okudo_0002.jpg,0
lfw-deepfunneled/lfw-deepfunneled/Juanes/Juanes_0002.jpg,lfw-deepfunneled/lfw-deepfunneled/Juanes/Juanes_0001.jpg,1
lfw-deepfunneled/lfw-deepfunneled/Robert_Horan/Robert_Horan_0002.jpg,lfw-deepfunneled/lfw-deepfunneled/Robert_Horan/Robert_Horan_0001.jpg,1
lfw-deepfunneled/lfw-deepfunneled/Kelly_Clarkson/Kelly_Clarkson_0001.jpg,lfw-deepfunneled/lfw-deepfunneled/Kelly_Clarkson/Kelly_Clarkson_0003.jpg,1
lfw-deepfunneled/lfw-deepfunneled/Francis_Mer/Francis_Mer_0002.jpg,lfw-deepfunneled/lfw-deepfunneled/Francis_Mer/Francis_Mer_0001.jpg,1
lfw-deepfunneled/lfw-deepfunneled/Vincent_Brooks/Vincent_Brooks_0002.jpg,lfw-deepfunneled/lfw-deepfunneled/Vincent_Brooks/Vincent_Brooks_0001.jpg,1
lfw-deepfunneled/lfw-deepfunneled/Paul_William_Hurley/Paul_William_Hurley_0001.jpg,lfw-deepfunneled/lfw-deepfunneled/Paul_William_Hurley/Paul_William_Hurley_0002.jpg,1
lfw-deepfunneled/lfw-deepfunneled/Pete_Sampras/Pete_Sampras_0018.jpg,lfw-deepfunneled/lfw-deepfunneled/Thomas_Birmingham/Thomas_Birmingham_0002.jpg,0
lfw-deepfunneled/lfw-deepfunneled/Martha_Lucia_Ramirez/Martha_Lucia_Ramirez_0004.jpg,lfw-deepfunneled/lfw-deepfunneled/Martha_Lucia_Ramirez/Martha_Lucia_Ramirez_0002.jpg,1
lfw-deepfunneled/lfw-deepfunneled/Hideki_Matsui/Hideki_Matsui_0001.jpg,lfw-deepfunneled/lfw-deepfunneled/Hideki_Matsui/Hideki_Matsui_0002.jpg,1
lfw-deepfunneled/lfw-deepfunneled/Ron_Dittemore/Ron_Dittemore_0005.jpg,lfw-deepfunneled/lfw-deepfunneled/Ron_Dittemore/Ron_Dittemore_0003.jpg,1
lfw-deepfunneled/lfw-deepfunneled/Lily_Tomlin/Lily_Tomlin_0001.jpg,lfw-deepfunneled/lfw-deepfunneled/Lily_Tomlin/Lily_Tomlin_0002.jpg,1
lfw-deepfunneled/lfw-deepfunneled/Bernardo_Segura/Bernardo_Segura_0002.jpg,lfw-deepfunneled/lfw-deepfunneled/Harry_Schmidt/Harry_Schmidt_0001.jpg,0
lfw-deepfunneled/lfw-deepfunneled/Andrew_Weissmann/Andrew_Weissmann_0001.jpg,lfw-deepfunneled/lfw-deepfunneled/John_McCormack/John_McCormack_0002.jpg,0
lfw-deepfunneled/lfw-deepfunneled/Carson_Palmer/Carson_Palmer_0004.jpg,lfw-deepfunneled/lfw-deepfunneled/Carson_Palmer/Carson_Palmer_0003.jpg,1
lfw-deepfunneled/lfw-deepfunneled/Yashwant_Sinha/Yashwant_Sinha_0002.jpg,lfw-deepfunneled/lfw-deepfunneled/Yashwant_Sinha/Yashwant_Sinha_0006.jpg,1
lfw-deepfunneled/lfw-deepfunneled/Lennox_Lewis/Lennox_Lewis_0003.jpg,lfw-deepfunneled/lfw-deepfunneled/Denise_Johnson/Denise_Johnson_0001.jpg,0
lfw-deepfunneled/lfw-deepfunneled/Lauren_Killian/Lauren_Killian_0002.jpg,lfw-deepfunneled/lfw-deepfunneled/Lauren_Killian/Lauren_Killian_0001.jpg,1
lfw-deepfunneled/lfw-deepfunneled/Leonardo_DiCaprio/Leonardo_DiCaprio_0007.jpg,lfw-deepfunneled/lfw-deepfunneled/Sourav_Ganguly/Sourav_Ganguly_0003.jpg,0
lfw-deepfunneled/lfw-deepfunneled/John_McCain/John_McCain_0005.jpg,lfw-deepfunneled/lfw-deepfunneled/John_McCain/John_McCain_0003.jpg,1
lfw-deepfunneled/lfw-deepfunneled/Thomas_Bjorn/Thomas_Bjorn_0002.jpg,lfw-deepfunneled/lfw-deepfunneled/Thomas_Bjorn/Thomas_Bjorn_0001.jpg,1
lfw-deepfunneled/lfw-deepfunneled/Saeb_Erekat/Saeb_Erekat_0001.jpg,lfw-deepfunneled/lfw-deepfunneled/Frank_Griswold/Frank_Griswold_0002.jpg,0
lfw-deepfunneled/lfw-deepfunneled/Desiree_Lemosi/Desiree_Lemosi_0002.jpg,lfw-deepfunneled/lfw-deepfunneled/Desiree_Lemosi/Desiree_Lemosi_0001.jpg,1
lfw-deepfunneled/lfw-deepfunneled/Edwina_Currie/Edwina_Currie_0001.jpg,lfw-deepfunneled/lfw-deepfunneled/Cesar_Gaviria/Cesar_Gaviria_0005.jpg,0
lfw-deepfunneled/lfw-deepfunneled/Imad_Moustapha/Imad_Moustapha_0001.jpg,lfw-deepfunneled/lfw-deepfunneled/Bridgette_Wilson-Sampras/Bridgette_Wilson-Sampras_0002.jpg,0
lfw-deepfunneled/lfw-deepfunneled/Wu_Yi/Wu_Yi_0001.jpg,lfw-deepfunneled/lfw-deepfunneled/Wu_Yi/Wu_Yi_0003.jpg,1
lfw-deepfunneled/lfw-deepfunneled/Imad_Moustapha/Imad_Moustapha_0001.jpg,lfw-deepfunneled/lfw-deepfunneled/Akbar_Hashemi_Rafsanjani/Akbar_Hashemi_Rafsanjani_0002.jpg,0
lfw-deepfunneled/lfw-deepfunneled/John_Walsh/John_Walsh_0002.jpg,lfw-deepfunneled/lfw-deepfunneled/Kosuke_Kitajima/Kosuke_Kitajima_0001.jpg,0
lfw-deepfunneled/lfw-deepfunneled/Enrique_Bolanos/Enrique_Bolanos_0002.jpg,lfw-deepfunneled/lfw-deepfunneled/Jean-Sebastien_Giguere/Jean-Sebastien_Giguere_0002.jpg,0
lfw-deepfunneled/lfw-deepfunneled/Duane_Lee_Chapman/Duane_Lee_Chapman_0001.jpg,lfw-deepfunneled/lfw-deepfunneled/Duane_Lee_Chapman/Duane_Lee_Chapman_0002.jpg,1
lfw-deepfunneled/lfw-deepfunneled/Bob_Hope/Bob_Hope_0008.jpg,lfw-deepfunneled/lfw-deepfunneled/Rodrigo_Borja/Rodrigo_Borja_0002.jpg,0
lfw-deepfunneled/lfw-deepfunneled/Adrian_McPherson/Adrian_McPherson_0002.jpg,lfw-deepfunneled/lfw-deepfunneled/Pupi_Avati/Pupi_Avati_0002.jpg,0
lfw-deepfunneled/lfw-deepfunneled/Roberto_Marinho/Roberto_Marinho_0003.jpg,lfw-deepfunneled/lfw-deepfunneled/Megawati_Sukarnoputri/Megawati_Sukarnoputri_0026.jpg,0
lfw-deepfunneled/lfw-deepfunneled/Vladimiro_Montesinos/Vladimiro_Montesinos_0002.jpg,lfw-deepfunneled/lfw-deepfunneled/Vladimiro_Montesinos/Vladimiro_Montesinos_0001.jpg,1
lfw-deepfunneled/lfw-deepfunneled/Sarah_Jessica_Parker/Sarah_Jessica_Parker_0001.jpg,lfw-deepfunneled/lfw-deepfunneled/David_Bell/David_Bell_0001.jpg,0
lfw-deepfunneled/lfw-deepfunneled/Ralf_Schumacher/Ralf_Schumacher_0003.jpg,lfw-deepfunneled/lfw-deepfunneled/Ralf_Schumacher/Ralf_Schumacher_0005.jpg,1
lfw-deepfunneled/lfw-deepfunneled/Roberto_Marinho/Roberto_Marinho_0002.jpg,lfw-deepfunneled/lfw-deepfunneled/Marco_Antonio_Barrera/Marco_Antonio_Barrera_0001.jpg,0
lfw-deepfunneled/lfw-deepfunneled/Petro_Symonenko/Petro_Symonenko_0002.jpg,lfw-deepfunneled/lfw-deepfunneled/Terry_Stotts/Terry_Stotts_0002.jpg,0
lfw-deepfunneled/lfw-deepfunneled/Moshe_Katsav/Moshe_Katsav_0004.jpg,lfw-deepfunneled/lfw-deepfunneled/Moshe_Katsav/Moshe_Katsav_0002.jpg,1
lfw-deepfunneled/lfw-deepfunneled/Ruth_Harlow/Ruth_Harlow_0001.jpg,lfw-deepfunneled/lfw-deepfunneled/Ruth_Harlow/Ruth_Harlow_0002.jpg,1
lfw-deepfunneled/lfw-deepfunneled/Erika_Christensen/Erika_Christensen_0001.jpg,lfw-deepfunneled/lfw-deepfunneled/Erika_Christensen/Erika_Christensen_0002.jpg,1
lfw-deepfunneled/lfw-deepfunneled/Trent_Lott/Trent_Lott_0006.jpg,lfw-deepfunneled/lfw-deepfunneled/Trent_Lott/Trent_Lott_0008.jpg,1
lfw-deepfunneled/lfw-deepfunneled/Marieta_Chrousala/Marieta_Chrousala_0001.jpg,lfw-deepfunneled/lfw-deepfunneled/Marieta_Chrousala/Marieta_Chrousala_0002.jpg,1
lfw-deepfunneled/lfw-deepfunneled/Kifah_Ajouri/Kifah_Ajouri_0002.jpg,lfw-deepfunneled/lfw-deepfunneled/Kifah_Ajouri/Kifah_Ajouri_0001.jpg,1
lfw-deepfunneled/lfw-deepfunneled/Jorge_Batlle/Jorge_Batlle_0002.jpg,lfw-deepfunneled/lfw-deepfunneled/Jorge_Batlle/Jorge_Batlle_0001.jpg,1
lfw-deepfunneled/lfw-deepfunneled/Roy_Moore/Roy_Moore_0006.jpg,lfw-deepfunneled/lfw-deepfunneled/Stefano_Accorsi/Stefano_Accorsi_0001.jpg,0
lfw-deepfunneled/lfw-deepfunneled/Felix_Mantilla/Felix_Mantilla_0001.jpg,lfw-deepfunneled/lfw-deepfunneled/Begum_Khaleda_Zia/Begum_Khaleda_Zia_0002.jpg,0
lfw-deepfunneled/lfw-deepfunneled/Mikhail_Kasyanov/Mikhail_Kasyanov_0004.jpg,lfw-deepfunneled/lfw-deepfunneled/Mikhail_Kasyanov/Mikhail_Kasyanov_0002.jpg,1
lfw-deepfunneled/lfw-deepfunneled/Hannah_Stockbauer/Hannah_Stockbauer_0001.jpg,lfw-deepfunneled/lfw-deepfunneled/Hannah_Stockbauer/Hannah_Stockbauer_0002.jpg,1
lfw-deepfunneled/lfw-deepfunneled/Lisa_Marie_Presley/Lisa_Marie_Presley_0004.jpg,lfw-deepfunneled/lfw-deepfunneled/Gary_Bergeron/Gary_Bergeron_0001.jpg,0
lfw-deepfunneled/lfw-deepfunneled/Kenneth_Evans/Kenneth_Evans_0001.jpg,lfw-deepfunneled/lfw-deepfunneled/Kenneth_Evans/Kenneth_Evans_0002.jpg,1
lfw-deepfunneled/lfw-deepfunneled/Rick_Dinse/Rick_Dinse_0002.jpg,lfw-deepfunneled/lfw-deepfunneled/Rick_Dinse/Rick_Dinse_0003.jpg,1
lfw-deepfunneled/lfw-deepfunneled/Rachel_Hunter/Rachel_Hunter_0002.jpg,lfw-deepfunneled/lfw-deepfunneled/Rachel_Hunter/Rachel_Hunter_0003.jpg,1
lfw-deepfunneled/lfw-deepfunneled/Lance_Armstrong/Lance_Armstrong_0014.jpg,lfw-deepfunneled/lfw-deepfunneled/Martin_Scorsese/Martin_Scorsese_0006.jpg,0
lfw-deepfunneled/lfw-deepfunneled/Edward_Lu/Edward_Lu_0001.jpg,lfw-deepfunneled/lfw-deepfunneled/Edward_Lu/Edward_Lu_0004.jpg,1
lfw-deepfunneled/lfw-deepfunneled/Mike_Price/Mike_Price_0001.jpg,lfw-deepfunneled/lfw-deepfunneled/Robert_Blake/Robert_Blake_0002.jpg,0
lfw-deepfunneled/lfw-deepfunneled/Vaclav_Havel/Vaclav_Havel_0006.jpg,lfw-deepfunneled/lfw-deepfunneled/Vaclav_Havel/Vaclav_Havel_0009.jpg,1
lfw-deepfunneled/lfw-deepfunneled/Frank_Griswold/Frank_Griswold_0002.jpg,lfw-deepfunneled/lfw-deepfunneled/Guy_Hemmings/Guy_Hemmings_0001.jpg,0
lfw-deepfunneled/lfw-deepfunneled/Chen_Shui-bian/Chen_Shui-bian_0004.jpg,lfw-deepfunneled/lfw-deepfunneled/Chen_Shui-bian/Chen_Shui-bian_0003.jpg,1
lfw-deepfunneled/lfw-deepfunneled/Felix_Mantilla/Felix_Mantilla_0001.jpg,lfw-deepfunneled/lfw-deepfunneled/Felix_Mantilla/Felix_Mantilla_0002.jpg,1
lfw-deepfunneled/lfw-deepfunneled/David_Caraway/David_Caraway_0002.jpg,lfw-deepfunneled/lfw-deepfunneled/David_Caraway/David_Caraway_0001.jpg,1
lfw-deepfunneled/lfw-deepfunneled/Sonia_Gandhi/Sonia_Gandhi_0004.jpg,lfw-deepfunneled/lfw-deepfunneled/Sonia_Gandhi/Sonia_Gandhi_0003.jpg,1
lfw-deepfunneled/lfw-deepfunneled/Russell_Simmons/Russell_Simmons_0003.jpg,lfw-deepfunneled/lfw-deepfunneled/Russell_Simmons/Russell_Simmons_0001.jpg,1
lfw-deepfunneled/lfw-deepfunneled/Erin_Runnion/Erin_Runnion_0001.jpg,lfw-deepfunneled/lfw-deepfunneled/Erin_Runnion/Erin_Runnion_0003.jpg,1
lfw-deepfunneled/lfw-deepfunneled/Prince_William/Prince_William_0001.jpg,lfw-deepfunneled/lfw-deepfunneled/Prince_William/Prince_William_0002.jpg,1
lfw-deepfunneled/lfw-deepfunneled/Susan_Sarandon/Susan_Sarandon_0004.jpg,lfw-deepfunneled/lfw-deepfunneled/Susan_Sarandon/Susan_Sarandon_0001.jpg,1
lfw-deepfunneled/lfw-deepfunneled/Jeb_Bush/Jeb_Bush_0001.jpg,lfw-deepfunneled/lfw-deepfunneled/Jeb_Bush/Jeb_Bush_0008.jpg,1
lfw-deepfunneled/lfw-deepfunneled/Anibal_Ibarra/Anibal_Ibarra_0001.jpg,lfw-deepfunneled/lfw-deepfunneled/Anibal_Ibarra/Anibal_Ibarra_0002.jpg,1
lfw-deepfunneled/lfw-deepfunneled/Elizabeth_Dole/Elizabeth_Dole_0001.jpg,lfw-deepfunneled/lfw-deepfunneled/Elizabeth_Dole/Elizabeth_Dole_0003.jpg,1
lfw-deepfunneled/lfw-deepfunneled/Herta_Daeubler-Gmelin/Herta_Daeubler-Gmelin_0001.jpg,lfw-deepfunneled/lfw-deepfunneled/Herta_Daeubler-Gmelin/Herta_Daeubler-Gmelin_0002.jpg,1
lfw-deepfunneled/lfw-deepfunneled/Candie_Kung/Candie_Kung_0004.jpg,lfw-deepfunneled/lfw-deepfunneled/Candie_Kung/Candie_Kung_0001.jpg,1
lfw-deepfunneled/lfw-deepfunneled/George_Ryan/George_Ryan_0001.jpg,lfw-deepfunneled/lfw-deepfunneled/Gonzalo_Sanchez_de_Lozada/Gonzalo_Sanchez_de_Lozada_0001.jpg,0
lfw-deepfunneled/lfw-deepfunneled/Raghad_Saddam_Hussein/Raghad_Saddam_Hussein_0001.jpg,lfw-deepfunneled/lfw-deepfunneled/Raghad_Saddam_Hussein/Raghad_Saddam_Hussein_0002.jpg,1
lfw-deepfunneled/lfw-deepfunneled/Slobodan_Milosevic/Slobodan_Milosevic_0002.jpg,lfw-deepfunneled/lfw-deepfunneled/Slobodan_Milosevic/Slobodan_Milosevic_0004.jpg,1
lfw-deepfunneled/lfw-deepfunneled/Arturo_Gatti/Arturo_Gatti_0001.jpg,lfw-deepfunneled/lfw-deepfunneled/Calista_Flockhart/Calista_Flockhart_0006.jpg,0
lfw-deepfunneled/lfw-deepfunneled/Hootie_Johnson/Hootie_Johnson_0002.jpg,lfw-deepfunneled/lfw-deepfunneled/Hootie_Johnson/Hootie_Johnson_0001.jpg,1
lfw-deepfunneled/lfw-deepfunneled/Manfred_Stolpe/Manfred_Stolpe_0001.jpg,lfw-deepfunneled/lfw-deepfunneled/Justine_Henin/Justine_Henin_0001.jpg,0
lfw-deepfunneled/lfw-deepfunneled/Michael_Bloomberg/Michael_Bloomberg_0005.jpg,lfw-deepfunneled/lfw-deepfunneled/Michael_Bloomberg/Michael_Bloomberg_0012.jpg,1
lfw-deepfunneled/lfw-deepfunneled/Orrin_Hatch/Orrin_Hatch_0001.jpg,lfw-deepfunneled/lfw-deepfunneled/Fran_Drescher/Fran_Drescher_0002.jpg,0
lfw-deepfunneled/lfw-deepfunneled/Nancy_Reagan/Nancy_Reagan_0002.jpg,lfw-deepfunneled/lfw-deepfunneled/Pete_Carroll/Pete_Carroll_0002.jpg,0
lfw-deepfunneled/lfw-deepfunneled/Nicolas_Cage/Nicolas_Cage_0003.jpg,lfw-deepfunneled/lfw-deepfunneled/Nicolas_Cage/Nicolas_Cage_0001.jpg,1
lfw-deepfunneled/lfw-deepfunneled/Paul_Coppin/Paul_Coppin_0002.jpg,lfw-deepfunneled/lfw-deepfunneled/Paul_Coppin/Paul_Coppin_0001.jpg,1
lfw-deepfunneled/lfw-deepfunneled/Bill_Sizemore/Bill_Sizemore_0002.jpg,lfw-deepfunneled/lfw-deepfunneled/Bill_Sizemore/Bill_Sizemore_0001.jpg,1
lfw-deepfunneled/lfw-deepfunneled/Alberto_Ruiz_Gallardon/Alberto_Ruiz_Gallardon_0001.jpg,lfw-deepfunneled/lfw-deepfunneled/Alberto_Ruiz_Gallardon/Alberto_Ruiz_Gallardon_0002.jpg,1
lfw-deepfunneled/lfw-deepfunneled/Chris_Cooper/Chris_Cooper_0002.jpg,lfw-deepfunneled/lfw-deepfunneled/Chris_Cooper/Chris_Cooper_0001.jpg,1
lfw-deepfunneled/lfw-deepfunneled/Claudia_Schiffer/Claudia_Schiffer_0003.jpg,lfw-deepfunneled/lfw-deepfunneled/Claudia_Schiffer/Claudia_Schiffer_0002.jpg,1
lfw-deepfunneled/lfw-deepfunneled/Robert_Bonner/Robert_Bonner_0002.jpg,lfw-deepfunneled/lfw-deepfunneled/Paul_William_Hurley/Paul_William_Hurley_0002.jpg,0
lfw-deepfunneled/lfw-deepfunneled/Bob_Colvin/Bob_Colvin_0002.jpg,lfw-deepfunneled/lfw-deepfunneled/Bob_Colvin/Bob_Colvin_0001.jpg,1
lfw-deepfunneled/lfw-deepfunneled/Paula_Zahn/Paula_Zahn_0001.jpg,lfw-deepfunneled/lfw-deepfunneled/Paula_Zahn/Paula_Zahn_0002.jpg,1
lfw-deepfunneled/lfw-deepfunneled/Andrew_Niccol/Andrew_Niccol_0002.jpg,lfw-deepfunneled/lfw-deepfunneled/Andrew_Niccol/Andrew_Niccol_0001.jpg,1
lfw-deepfunneled/lfw-deepfunneled/Anthony_Hopkins/Anthony_Hopkins_0001.jpg,lfw-deepfunneled/lfw-deepfunneled/Anthony_Hopkins/Anthony_Hopkins_0002.jpg,1
lfw-deepfunneled/lfw-deepfunneled/Derek_Jeter/Derek_Jeter_0001.jpg,lfw-deepfunneled/lfw-deepfunneled/Lisa_Marie_Presley/Lisa_Marie_Presley_0001.jpg,0
lfw-deepfunneled/lfw-deepfunneled/Lee_Jun/Lee_Jun_0002.jpg,lfw-deepfunneled/lfw-deepfunneled/Lee_Jun/Lee_Jun_0001.jpg,1
lfw-deepfunneled/lfw-deepfunneled/Hermann_Maier/Hermann_Maier_0002.jpg,lfw-deepfunneled/lfw-deepfunneled/George_Karl/George_Karl_0001.jpg,0
lfw-deepfunneled/lfw-deepfunneled/Carlos_Manuel_Pruneda/Carlos_Manuel_Pruneda_0001.jpg,lfw-deepfunneled/lfw-deepfunneled/Carlos_Manuel_Pruneda/Carlos_Manuel_Pruneda_0002.jpg,1
lfw-deepfunneled/lfw-deepfunneled/Rita_Moreno/Rita_Moreno_0002.jpg,lfw-deepfunneled/lfw-deepfunneled/Jose_Maria_Aznar/Jose_Maria_Aznar_0003.jpg,0
lfw-deepfunneled/lfw-deepfunneled/Jose_Viegas_Filho/Jose_Viegas_Filho_0002.jpg,lfw-deepfunneled/lfw-deepfunneled/Jose_Viegas_Filho/Jose_Viegas_Filho_0001.jpg,1
lfw-deepfunneled/lfw-deepfunneled/Pierre_Boulanger/Pierre_Boulanger_0001.jpg,lfw-deepfunneled/lfw-deepfunneled/Pierre_Boulanger/Pierre_Boulanger_0002.jpg,1
lfw-deepfunneled/lfw-deepfunneled/Marlene_Weingartner/Marlene_Weingartner_0002.jpg,lfw-deepfunneled/lfw-deepfunneled/Goh_Kun/Goh_Kun_0002.jpg,0
lfw-deepfunneled/lfw-deepfunneled/David_Wolf/David_Wolf_0002.jpg,lfw-deepfunneled/lfw-deepfunneled/David_Wolf/David_Wolf_0001.jpg,1
lfw-deepfunneled/lfw-deepfunneled/Steve_Lavin/Steve_Lavin_0006.jpg,lfw-deepfunneled/lfw-deepfunneled/Steve_Lavin/Steve_Lavin_0005.jpg,1
lfw-deepfunneled/lfw-deepfunneled/George_Galloway/George_Galloway_0001.jpg,lfw-deepfunneled/lfw-deepfunneled/George_Galloway/George_Galloway_0004.jpg,1
lfw-deepfunneled/lfw-deepfunneled/Kristanna_Loken/Kristanna_Loken_0002.jpg,lfw-deepfunneled/lfw-deepfunneled/Kristanna_Loken/Kristanna_Loken_0004.jpg,1
lfw-deepfunneled/lfw-deepfunneled/Hayley_Tullett/Hayley_Tullett_0001.jpg,lfw-deepfunneled/lfw-deepfunneled/Ellen_DeGeneres/Ellen_DeGeneres_0001.jpg,0
lfw-deepfunneled/lfw-deepfunneled/Phan_Van_Khai/Phan_Van_Khai_0002.jpg,lfw-deepfunneled/lfw-deepfunneled/Lon_Kruger/Lon_Kruger_0002.jpg,0
lfw-deepfunneled/lfw-deepfunneled/Nadine_Vinzens/Nadine_Vinzens_0002.jpg,lfw-deepfunneled/lfw-deepfunneled/Nadine_Vinzens/Nadine_Vinzens_0001.jpg,1
lfw-deepfunneled/lfw-deepfunneled/Tony_Parker/Tony_Parker_0001.jpg,lfw-deepfunneled/lfw-deepfunneled/Klaus_Zwickel/Klaus_Zwickel_0002.jpg,0
lfw-deepfunneled/lfw-deepfunneled/Alan_Mulally/Alan_Mulally_0002.jpg,lfw-deepfunneled/lfw-deepfunneled/Alan_Mulally/Alan_Mulally_0001.jpg,1
lfw-deepfunneled/lfw-deepfunneled/Adolfo_Rodriguez_Saa/Adolfo_Rodriguez_Saa_0001.jpg,lfw-deepfunneled/lfw-deepfunneled/Vicente_Fox/Vicente_Fox_0029.jpg,0
lfw-deepfunneled/lfw-deepfunneled/Meryl_Streep/Meryl_Streep_0014.jpg,lfw-deepfunneled/lfw-deepfunneled/Meryl_Streep/Meryl_Streep_0008.jpg,1
lfw-deepfunneled/lfw-deepfunneled/Janet_Napolitano/Janet_Napolitano_0004.jpg,lfw-deepfunneled/lfw-deepfunneled/Janet_Napolitano/Janet_Napolitano_0001.jpg,1
lfw-deepfunneled/lfw-deepfunneled/Michael_Caine/Michael_Caine_0003.jpg,lfw-deepfunneled/lfw-deepfunneled/Michael_Caine/Michael_Caine_0002.jpg,1
lfw-deepfunneled/lfw-deepfunneled/Jason_Alexander/Jason_Alexander_0001.jpg,lfw-deepfunneled/lfw-deepfunneled/Jim_Edmonds/Jim_Edmonds_0001.jpg,0
lfw-deepfunneled/lfw-deepfunneled/Matt_Damon/Matt_Damon_0003.jpg,lfw-deepfunneled/lfw-deepfunneled/Matt_Damon/Matt_Damon_0004.jpg,1
lfw-deepfunneled/lfw-deepfunneled/Barbara_Walters/Barbara_Walters_0001.jpg,lfw-deepfunneled/lfw-deepfunneled/Barbara_Walters/Barbara_Walters_0004.jpg,1
lfw-deepfunneled/lfw-deepfunneled/Marat_Safin/Marat_Safin_0003.jpg,lfw-deepfunneled/lfw-deepfunneled/Marat_Safin/Marat_Safin_0001.jpg,1
lfw-deepfunneled/lfw-deepfunneled/Hassan_Nasrallah/Hassan_Nasrallah_0002.jpg,lfw-deepfunneled/lfw-deepfunneled/Phan_Van_Khai/Phan_Van_Khai_0001.jpg,0
lfw-deepfunneled/lfw-deepfunneled/Cristina_Saralegui/Cristina_Saralegui_0002.jpg,lfw-deepfunneled/lfw-deepfunneled/Cristina_Saralegui/Cristina_Saralegui_0001.jpg,1
lfw-deepfunneled/lfw-deepfunneled/Jim_Tressel/Jim_Tressel_0003.jpg,lfw-deepfunneled/lfw-deepfunneled/Jim_Tressel/Jim_Tressel_0004.jpg,1
lfw-deepfunneled/lfw-deepfunneled/Richard_Norton-Taylor/Richard_Norton-Taylor_0002.jpg,lfw-deepfunneled/lfw-deepfunneled/Charlton_Heston/Charlton_Heston_0006.jpg,0
lfw-deepfunneled/lfw-deepfunneled/Bruce_Weber/Bruce_Weber_0001.jpg,lfw-deepfunneled/lfw-deepfunneled/Luciano_Pavarotti/Luciano_Pavarotti_0002.jpg,0
lfw-deepfunneled/lfw-deepfunneled/Tom_Brady/Tom_Brady_0002.jpg,lfw-deepfunneled/lfw-deepfunneled/Tom_Brady/Tom_Brady_0001.jpg,1
lfw-deepfunneled/lfw-deepfunneled/Matt_Dillon/Matt_Dillon_0002.jpg,lfw-deepfunneled/lfw-deepfunneled/Matt_Dillon/Matt_Dillon_0003.jpg,1
lfw-deepfunneled/lfw-deepfunneled/Jong_Thae_Hwa/Jong_Thae_Hwa_0002.jpg,lfw-deepfunneled/lfw-deepfunneled/Bo_Pelini/Bo_Pelini_0001.jpg,0
lfw-deepfunneled/lfw-deepfunneled/Ferenc_Madl/Ferenc_Madl_0001.jpg,lfw-deepfunneled/lfw-deepfunneled/Sadie_Frost/Sadie_Frost_0001.jpg,0
lfw-deepfunneled/lfw-deepfunneled/Vivica_Fox/Vivica_Fox_0001.jpg,lfw-deepfunneled/lfw-deepfunneled/Vivica_Fox/Vivica_Fox_0002.jpg,1
lfw-deepfunneled/lfw-deepfunneled/John_Rowland/John_Rowland_0001.jpg,lfw-deepfunneled/lfw-deepfunneled/Robert_Stack/Robert_Stack_0001.jpg,0
lfw-deepfunneled/lfw-deepfunneled/Ibrahim_Jaafari/Ibrahim_Jaafari_0001.jpg,lfw-deepfunneled/lfw-deepfunneled/Ibrahim_Jaafari/Ibrahim_Jaafari_0002.jpg,1
lfw-deepfunneled/lfw-deepfunneled/Yuri_Fedotov/Yuri_Fedotov_0002.jpg,lfw-deepfunneled/lfw-deepfunneled/Yuri_Fedotov/Yuri_Fedotov_0001.jpg,1
lfw-deepfunneled/lfw-deepfunneled/Jesse_Ventura/Jesse_Ventura_0002.jpg,lfw-deepfunneled/lfw-deepfunneled/Freddy_Garcia/Freddy_Garcia_0001.jpg,0
lfw-deepfunneled/lfw-deepfunneled/Juan_Carlos_Ferrero/Juan_Carlos_Ferrero_0016.jpg,lfw-deepfunneled/lfw-deepfunneled/David_Spade/David_Spade_0002.jpg,0
lfw-deepfunneled/lfw-deepfunneled/Priscilla_Owen/Priscilla_Owen_0002.jpg,lfw-deepfunneled/lfw-deepfunneled/Priscilla_Owen/Priscilla_Owen_0001.jpg,1
lfw-deepfunneled/lfw-deepfunneled/Mike_Holmgren/Mike_Holmgren_0002.jpg,lfw-deepfunneled/lfw-deepfunneled/Bill_Sizemore/Bill_Sizemore_0001.jpg,0
lfw-deepfunneled/lfw-deepfunneled/Nabil_Shaath/Nabil_Shaath_0001.jpg,lfw-deepfunneled/lfw-deepfunneled/Nabil_Shaath/Nabil_Shaath_0003.jpg,1
lfw-deepfunneled/lfw-deepfunneled/Albrecht_Mentz/Albrecht_Mentz_0002.jpg,lfw-deepfunneled/lfw-deepfunneled/William_Ford_Jr/William_Ford_Jr_0003.jpg,0
lfw-deepfunneled/lfw-deepfunneled/Eunice_Barber/Eunice_Barber_0002.jpg,lfw-deepfunneled/lfw-deepfunneled/Eunice_Barber/Eunice_Barber_0001.jpg,1
lfw-deepfunneled/lfw-deepfunneled/Mario_Cipollini/Mario_Cipollini_0001.jpg,lfw-deepfunneled/lfw-deepfunneled/Ron_Dittemore/Ron_Dittemore_0007.jpg,0
lfw-deepfunneled/lfw-deepfunneled/Toni_Braxton/Toni_Braxton_0001.jpg,lfw-deepfunneled/lfw-deepfunneled/Hector_Babenco/Hector_Babenco_0001.jpg,0
lfw-deepfunneled/lfw-deepfunneled/Jean-Francois_Pontal/Jean-Francois_Pontal_0003.jpg,lfw-deepfunneled/lfw-deepfunneled/Magui_Serna/Magui_Serna_0002.jpg,0
lfw-deepfunneled/lfw-deepfunneled/Holly_Hunter/Holly_Hunter_0005.jpg,lfw-deepfunneled/lfw-deepfunneled/Holly_Hunter/Holly_Hunter_0001.jpg,1
lfw-deepfunneled/lfw-deepfunneled/Laura_Linney/Laura_Linney_0004.jpg,lfw-deepfunneled/lfw-deepfunneled/Laura_Linney/Laura_Linney_0002.jpg,1
lfw-deepfunneled/lfw-deepfunneled/David_Spade/David_Spade_0002.jpg,lfw-deepfunneled/lfw-deepfunneled/David_Spade/David_Spade_0001.jpg,1
lfw-deepfunneled/lfw-deepfunneled/Rachel_Griffiths/Rachel_Griffiths_0003.jpg,lfw-deepfunneled/lfw-deepfunneled/Tim_Duncan/Tim_Duncan_0001.jpg,0
lfw-deepfunneled/lfw-deepfunneled/Ben_Curtis/Ben_Curtis_0001.jpg,lfw-deepfunneled/lfw-deepfunneled/Iva_Majoli/Iva_Majoli_0002.jpg,0
lfw-deepfunneled/lfw-deepfunneled/Nia_Vardalos/Nia_Vardalos_0002.jpg,lfw-deepfunneled/lfw-deepfunneled/Nia_Vardalos/Nia_Vardalos_0005.jpg,1
lfw-deepfunneled/lfw-deepfunneled/Jesse_Harris/Jesse_Harris_0002.jpg,lfw-deepfunneled/lfw-deepfunneled/Jesse_Harris/Jesse_Harris_0003.jpg,1
lfw-deepfunneled/lfw-deepfunneled/Claire_Danes/Claire_Danes_0001.jpg,lfw-deepfunneled/lfw-deepfunneled/Claire_Danes/Claire_Danes_0003.jpg,1
lfw-deepfunneled/lfw-deepfunneled/Eileen_Coparropa/Eileen_Coparropa_0002.jpg,lfw-deepfunneled/lfw-deepfunneled/Eileen_Coparropa/Eileen_Coparropa_0001.jpg,1
lfw-deepfunneled/lfw-deepfunneled/Alex_Penelas/Alex_Penelas_0001.jpg,lfw-deepfunneled/lfw-deepfunneled/Mark_Geragos/Mark_Geragos_0002.jpg,0
lfw-deepfunneled/lfw-deepfunneled/Steven_Seagal/Steven_Seagal_0002.jpg,lfw-deepfunneled/lfw-deepfunneled/Steven_Seagal/Steven_Seagal_0001.jpg,1
lfw-deepfunneled/lfw-deepfunneled/Carson_Daly/Carson_Daly_0002.jpg,lfw-deepfunneled/lfw-deepfunneled/Carson_Daly/Carson_Daly_0001.jpg,1
lfw-deepfunneled/lfw-deepfunneled/Edmund_Hillary/Edmund_Hillary_0001.jpg,lfw-deepfunneled/lfw-deepfunneled/Patrick_Roy/Patrick_Roy_0002.jpg,0
lfw-deepfunneled/lfw-deepfunneled/Kate_Winslet/Kate_Winslet_0001.jpg,lfw-deepfunneled/lfw-deepfunneled/Kate_Winslet/Kate_Winslet_0002.jpg,1
lfw-deepfunneled/lfw-deepfunneled/Rick_Wagoner/Rick_Wagoner_0002.jpg,lfw-deepfunneled/lfw-deepfunneled/Rick_Wagoner/Rick_Wagoner_0001.jpg,1
lfw-deepfunneled/lfw-deepfunneled/Ray_Allen/Ray_Allen_0001.jpg,lfw-deepfunneled/lfw-deepfunneled/Mike_Weir/Mike_Weir_0011.jpg,0
lfw-deepfunneled/lfw-deepfunneled/Michael_Keaton/Michael_Keaton_0002.jpg,lfw-deepfunneled/lfw-deepfunneled/Michael_Keaton/Michael_Keaton_0001.jpg,1
lfw-deepfunneled/lfw-deepfunneled/Makhdoom_Amin_Fahim/Makhdoom_Amin_Fahim_0003.jpg,lfw-deepfunneled/lfw-deepfunneled/Makhdoom_Amin_Fahim/Makhdoom_Amin_Fahim_0002.jpg,1
lfw-deepfunneled/lfw-deepfunneled/Maureen_Fanning/Maureen_Fanning_0001.jpg,lfw-deepfunneled/lfw-deepfunneled/Maureen_Fanning/Maureen_Fanning_0002.jpg,1
lfw-deepfunneled/lfw-deepfunneled/Binyamin_Ben-Eliezer/Binyamin_Ben-Eliezer_0001.jpg,lfw-deepfunneled/lfw-deepfunneled/Binyamin_Ben-Eliezer/Binyamin_Ben-Eliezer_0003.jpg,1
lfw-deepfunneled/lfw-deepfunneled/Fabiola_Zuluaga/Fabiola_Zuluaga_0001.jpg,lfw-deepfunneled/lfw-deepfunneled/Jeanne_Moreau/Jeanne_Moreau_0002.jpg,0
lfw-deepfunneled/lfw-deepfunneled/Scott_Ritter/Scott_Ritter_0002.jpg,lfw-deepfunneled/lfw-deepfunneled/Scott_Ritter/Scott_Ritter_0001.jpg,1
lfw-deepfunneled/lfw-deepfunneled/Abid_Hamid_Mahmud_Al-Tikriti/Abid_Hamid_Mahmud_Al-Tikriti_0002.jpg,lfw-deepfunneled/lfw-deepfunneled/Abid_Hamid_Mahmud_Al-Tikriti/Abid_Hamid_Mahmud_Al-Tikriti_0003.jpg,1
lfw-deepfunneled/lfw-deepfunneled/Xanana_Gusmao/Xanana_Gusmao_0005.jpg,lfw-deepfunneled/lfw-deepfunneled/Xanana_Gusmao/Xanana_Gusmao_0003.jpg,1
lfw-deepfunneled/lfw-deepfunneled/Billy_Graham/Billy_Graham_0001.jpg,lfw-deepfunneled/lfw-deepfunneled/Billy_Graham/Billy_Graham_0002.jpg,1
lfw-deepfunneled/lfw-deepfunneled/Kristen_Breitweiser/Kristen_Breitweiser_0001.jpg,lfw-deepfunneled/lfw-deepfunneled/Kristen_Breitweiser/Kristen_Breitweiser_0002.jpg,1
lfw-deepfunneled/lfw-deepfunneled/Julie_Taymor/Julie_Taymor_0002.jpg,lfw-deepfunneled/lfw-deepfunneled/Julie_Taymor/Julie_Taymor_0001.jpg,1
lfw-deepfunneled/lfw-deepfunneled/Milo_Maestrecampo/Milo_Maestrecampo_0003.jpg,lfw-deepfunneled/lfw-deepfunneled/Milo_Maestrecampo/Milo_Maestrecampo_0001.jpg,1
lfw-deepfunneled/lfw-deepfunneled/Anthony_LaPaglia/Anthony_LaPaglia_0001.jpg,lfw-deepfunneled/lfw-deepfunneled/Anthony_LaPaglia/Anthony_LaPaglia_0002.jpg,1
lfw-deepfunneled/lfw-deepfunneled/Michael_Patrick_King/Michael_Patrick_King_0001.jpg,lfw-deepfunneled/lfw-deepfunneled/Carla_Del_Ponte/Carla_Del_Ponte_0004.jpg,0
lfw-deepfunneled/lfw-deepfunneled/Scott_McClellan/Scott_McClellan_0004.jpg,lfw-deepfunneled/lfw-deepfunneled/Scott_McClellan/Scott_McClellan_0002.jpg,1
lfw-deepfunneled/lfw-deepfunneled/John_Edwards/John_Edwards_0008.jpg,lfw-deepfunneled/lfw-deepfunneled/John_Edwards/John_Edwards_0002.jpg,1
lfw-deepfunneled/lfw-deepfunneled/Lou_Piniella/Lou_Piniella_0001.jpg,lfw-deepfunneled/lfw-deepfunneled/Lou_Piniella/Lou_Piniella_0002.jpg,1
lfw-deepfunneled/lfw-deepfunneled/Gilberto_Rodriguez_Orejuela/Gilberto_Rodriguez_Orejuela_0003.jpg,lfw-deepfunneled/lfw-deepfunneled/Christopher_Walken/Christopher_Walken_0003.jpg,0
lfw-deepfunneled/lfw-deepfunneled/Alberto_Ruiz_Gallardon/Alberto_Ruiz_Gallardon_0001.jpg,lfw-deepfunneled/lfw-deepfunneled/Carlos_Quintanilla_Schmidt/Carlos_Quintanilla_Schmidt_0001.jpg,0
lfw-deepfunneled/lfw-deepfunneled/Marlene_Weingartner/Marlene_Weingartner_0001.jpg,lfw-deepfunneled/lfw-deepfunneled/Mohamed_Benaissa/Mohamed_Benaissa_0001.jpg,0
lfw-deepfunneled/lfw-deepfunneled/Charlotte_Rampling/Charlotte_Rampling_0001.jpg,lfw-deepfunneled/lfw-deepfunneled/Charlotte_Rampling/Charlotte_Rampling_0002.jpg,1
lfw-deepfunneled/lfw-deepfunneled/Geraldine_Chaplin/Geraldine_Chaplin_0003.jpg,lfw-deepfunneled/lfw-deepfunneled/Filippo_Inzaghi/Filippo_Inzaghi_0001.jpg,0
lfw-deepfunneled/lfw-deepfunneled/Len_Jenoff/Len_Jenoff_0002.jpg,lfw-deepfunneled/lfw-deepfunneled/Mark_Philippoussis/Mark_Philippoussis_0009.jpg,0
lfw-deepfunneled/lfw-deepfunneled/Sharon_Stone/Sharon_Stone_0002.jpg,lfw-deepfunneled/lfw-deepfunneled/Sharon_Stone/Sharon_Stone_0003.jpg,1
lfw-deepfunneled/lfw-deepfunneled/Zinedine_Zidane/Zinedine_Zidane_0005.jpg,lfw-deepfunneled/lfw-deepfunneled/Zinedine_Zidane/Zinedine_Zidane_0002.jpg,1
lfw-deepfunneled/lfw-deepfunneled/Mark_Dacey/Mark_Dacey_0002.jpg,lfw-deepfunneled/lfw-deepfunneled/Miyako_Miyazaki/Miyako_Miyazaki_0002.jpg,0
lfw-deepfunneled/lfw-deepfunneled/Adam_Sandler/Adam_Sandler_0004.jpg,lfw-deepfunneled/lfw-deepfunneled/Paul_Coppin/Paul_Coppin_0001.jpg,0
lfw-deepfunneled/lfw-deepfunneled/Steve_Park/Steve_Park_0002.jpg,lfw-deepfunneled/lfw-deepfunneled/Michael_Jordan/Michael_Jordan_0003.jpg,0
lfw-deepfunneled/lfw-deepfunneled/John_McCormack/John_McCormack_0002.jpg,lfw-deepfunneled/lfw-deepfunneled/William_Macy/William_Macy_0003.jpg,0
lfw-deepfunneled/lfw-deepfunneled/Heidi_Fleiss/Heidi_Fleiss_0001.jpg,lfw-deepfunneled/lfw-deepfunneled/Heidi_Fleiss/Heidi_Fleiss_0004.jpg,1
lfw-deepfunneled/lfw-deepfunneled/Richard_Crenna/Richard_Crenna_0002.jpg,lfw-deepfunneled/lfw-deepfunneled/Richard_Crenna/Richard_Crenna_0001.jpg,1
lfw-deepfunneled/lfw-deepfunneled/Goran_Persson/Goran_Persson_0001.jpg,lfw-deepfunneled/lfw-deepfunneled/Pierre_Boulanger/Pierre_Boulanger_0002.jpg,0
lfw-deepfunneled/lfw-deepfunneled/Cyndi_Thompson/Cyndi_Thompson_0001.jpg,lfw-deepfunneled/lfw-deepfunneled/Cyndi_Thompson/Cyndi_Thompson_0002.jpg,1
lfw-deepfunneled/lfw-deepfunneled/Taha_Yassin_Ramadan/Taha_Yassin_Ramadan_0008.jpg,lfw-deepfunneled/lfw-deepfunneled/Taha_Yassin_Ramadan/Taha_Yassin_Ramadan_0013.jpg,1
lfw-deepfunneled/lfw-deepfunneled/Paradorn_Srichaphan/Paradorn_Srichaphan_0005.jpg,lfw-deepfunneled/lfw-deepfunneled/Anthony_Fauci/Anthony_Fauci_0002.jpg,0
lfw-deepfunneled/lfw-deepfunneled/Bijan_Namdar_Zangeneh/Bijan_Namdar_Zangeneh_0002.jpg,lfw-deepfunneled/lfw-deepfunneled/Dean_Barkley/Dean_Barkley_0004.jpg,0
lfw-deepfunneled/lfw-deepfunneled/Frank_Griswold/Frank_Griswold_0002.jpg,lfw-deepfunneled/lfw-deepfunneled/Frank_Griswold/Frank_Griswold_0001.jpg,1
lfw-deepfunneled/lfw-deepfunneled/Faye_Dunaway/Faye_Dunaway_0003.jpg,lfw-deepfunneled/lfw-deepfunneled/Faye_Dunaway/Faye_Dunaway_0002.jpg,1
lfw-deepfunneled/lfw-deepfunneled/Chang_Dae-whan/Chang_Dae-whan_0002.jpg,lfw-deepfunneled/lfw-deepfunneled/Chang_Dae-whan/Chang_Dae-whan_0001.jpg,1
lfw-deepfunneled/lfw-deepfunneled/Rod_Stewart/Rod_Stewart_0001.jpg,lfw-deepfunneled/lfw-deepfunneled/Rod_Stewart/Rod_Stewart_0002.jpg,1
lfw-deepfunneled/lfw-deepfunneled/Gisele_Bundchen/Gisele_Bundchen_0002.jpg,lfw-deepfunneled/lfw-deepfunneled/Gisele_Bundchen/Gisele_Bundchen_0001.jpg,1
lfw-deepfunneled/lfw-deepfunneled/Sonia_Gandhi/Sonia_Gandhi_0002.jpg,lfw-deepfunneled/lfw-deepfunneled/Evander_Holyfield/Evander_Holyfield_0001.jpg,0
lfw-deepfunneled/lfw-deepfunneled/Ben_Curtis/Ben_Curtis_0003.jpg,lfw-deepfunneled/lfw-deepfunneled/Guillermo_Ortiz/Guillermo_Ortiz_0002.jpg,0
lfw-deepfunneled/lfw-deepfunneled/Ferenc_Madl/Ferenc_Madl_0002.jpg,lfw-deepfunneled/lfw-deepfunneled/William_Macy/William_Macy_0001.jpg,0
lfw-deepfunneled/lfw-deepfunneled/Joseph_Biden/Joseph_Biden_0005.jpg,lfw-deepfunneled/lfw-deepfunneled/Tony_Curtis/Tony_Curtis_0002.jpg,0
lfw-deepfunneled/lfw-deepfunneled/Arsinee_Khanjian/Arsinee_Khanjian_0001.jpg,lfw-deepfunneled/lfw-deepfunneled/Franz_Beckenbauer/Franz_Beckenbauer_0001.jpg,0
lfw-deepfunneled/lfw-deepfunneled/Hayley_Tullett/Hayley_Tullett_0002.jpg,lfw-deepfunneled/lfw-deepfunneled/Hayley_Tullett/Hayley_Tullett_0001.jpg,1
lfw-deepfunneled/lfw-deepfunneled/Maria_Shriver/Maria_Shriver_0007.jpg,lfw-deepfunneled/lfw-deepfunneled/Maria_Luisa_Mendonca/Maria_Luisa_Mendonca_0002.jpg,0
lfw-deepfunneled/lfw-deepfunneled/Richard_Virenque/Richard_Virenque_0002.jpg,lfw-deepfunneled/lfw-deepfunneled/Richard_Virenque/Richard_Virenque_0005.jpg,1
lfw-deepfunneled/lfw-deepfunneled/Emmit_Smith/Emmit_Smith_0001.jpg,lfw-deepfunneled/lfw-deepfunneled/Emmit_Smith/Emmit_Smith_0002.jpg,1
lfw-deepfunneled/lfw-deepfunneled/Toni_Braxton/Toni_Braxton_0001.jpg,lfw-deepfunneled/lfw-deepfunneled/Toni_Braxton/Toni_Braxton_0003.jpg,1
lfw-deepfunneled/lfw-deepfunneled/Flor_Montulo/Flor_Montulo_0002.jpg,lfw-deepfunneled/lfw-deepfunneled/Flor_Montulo/Flor_Montulo_0001.jpg,1
lfw-deepfunneled/lfw-deepfunneled/Guillermo_Canas/Guillermo_Canas_0004.jpg,lfw-deepfunneled/lfw-deepfunneled/Guillermo_Canas/Guillermo_Canas_0001.jpg,1
lfw-deepfunneled/lfw-deepfunneled/Larry_Thompson/Larry_Thompson_0004.jpg,lfw-deepfunneled/lfw-deepfunneled/Larry_Thompson/Larry_Thompson_0001.jpg,1
lfw-deepfunneled/lfw-deepfunneled/Ernie_Eves/Ernie_Eves_0001.jpg,lfw-deepfunneled/lfw-deepfunneled/Ronald_Reagan/Ronald_Reagan_0001.jpg,0
lfw-deepfunneled/lfw-deepfunneled/Madeleine_Albright/Madeleine_Albright_0001.jpg,lfw-deepfunneled/lfw-deepfunneled/Madeleine_Albright/Madeleine_Albright_0002.jpg,1
lfw-deepfunneled/lfw-deepfunneled/Stephen_Friedman/Stephen_Friedman_0002.jpg,lfw-deepfunneled/lfw-deepfunneled/Tracy_McGrady/Tracy_McGrady_0001.jpg,0
lfw-deepfunneled/lfw-deepfunneled/Peter_Costello/Peter_Costello_0001.jpg,lfw-deepfunneled/lfw-deepfunneled/Peter_Costello/Peter_Costello_0002.jpg,1
lfw-deepfunneled/lfw-deepfunneled/David_Leahy/David_Leahy_0001.jpg,lfw-deepfunneled/lfw-deepfunneled/David_Leahy/David_Leahy_0002.jpg,1
lfw-deepfunneled/lfw-deepfunneled/James_Smith/James_Smith_0002.jpg,lfw-deepfunneled/lfw-deepfunneled/James_Smith/James_Smith_0001.jpg,1
lfw-deepfunneled/lfw-deepfunneled/Kristanna_Loken/Kristanna_Loken_0004.jpg,lfw-deepfunneled/lfw-deepfunneled/Sebastian_Saja/Sebastian_Saja_0002.jpg,0
lfw-deepfunneled/lfw-deepfunneled/Latrell_Sprewell/Latrell_Sprewell_0001.jpg,lfw-deepfunneled/lfw-deepfunneled/Latrell_Sprewell/Latrell_Sprewell_0002.jpg,1
lfw-deepfunneled/lfw-deepfunneled/Biljana_Plavsic/Biljana_Plavsic_0002.jpg,lfw-deepfunneled/lfw-deepfunneled/Julio_Iglesias_Jr/Julio_Iglesias_Jr_0001.jpg,0
lfw-deepfunneled/lfw-deepfunneled/Gary_Williams/Gary_Williams_0001.jpg,lfw-deepfunneled/lfw-deepfunneled/Gary_Williams/Gary_Williams_0002.jpg,1
lfw-deepfunneled/lfw-deepfunneled/Bill_Frist/Bill_Frist_0009.jpg,lfw-deepfunneled/lfw-deepfunneled/Alejandro_Toledo/Alejandro_Toledo_0009.jpg,0
lfw-deepfunneled/lfw-deepfunneled/Pamela_Anderson/Pamela_Anderson_0005.jpg,lfw-deepfunneled/lfw-deepfunneled/Gary_Winnick/Gary_Winnick_0001.jpg,0
lfw-deepfunneled/lfw-deepfunneled/Bo_Pelini/Bo_Pelini_0001.jpg,lfw-deepfunneled/lfw-deepfunneled/David_Caruso/David_Caruso_0002.jpg,0
lfw-deepfunneled/lfw-deepfunneled/Julio_Iglesias_Jr/Julio_Iglesias_Jr_0001.jpg,lfw-deepfunneled/lfw-deepfunneled/Julio_Iglesias_Jr/Julio_Iglesias_Jr_0002.jpg,1
lfw-deepfunneled/lfw-deepfunneled/Art_Howe/Art_Howe_0002.jpg,lfw-deepfunneled/lfw-deepfunneled/Art_Howe/Art_Howe_0003.jpg,1
lfw-deepfunneled/lfw-deepfunneled/Carlos_Ruiz/Carlos_Ruiz_0001.jpg,lfw-deepfunneled/lfw-deepfunneled/George_Pataki/George_Pataki_0002.jpg,0
lfw-deepfunneled/lfw-deepfunneled/Steve_Waugh/Steve_Waugh_0002.jpg,lfw-deepfunneled/lfw-deepfunneled/Steve_Waugh/Steve_Waugh_0001.jpg,1
lfw-deepfunneled/lfw-deepfunneled/Lindsay_Davenport/Lindsay_Davenport_0017.jpg,lfw-deepfunneled/lfw-deepfunneled/Lindsay_Davenport/Lindsay_Davenport_0020.jpg,1
lfw-deepfunneled/lfw-deepfunneled/Emily_Robison/Emily_Robison_0002.jpg,lfw-deepfunneled/lfw-deepfunneled/Tony_Bennett/Tony_Bennett_0002.jpg,0
lfw-deepfunneled/lfw-deepfunneled/Mike_Krzyzewski/Mike_Krzyzewski_0005.jpg,lfw-deepfunneled/lfw-deepfunneled/Vanessa_Redgrave/Vanessa_Redgrave_0002.jpg,0
lfw-deepfunneled/lfw-deepfunneled/Dianne_Feinstein/Dianne_Feinstein_0002.jpg,lfw-deepfunneled/lfw-deepfunneled/Pedro_Malan/Pedro_Malan_0003.jpg,0
lfw-deepfunneled/lfw-deepfunneled/John_Ruiz/John_Ruiz_0001.jpg,lfw-deepfunneled/lfw-deepfunneled/Henrique_Meirelles/Henrique_Meirelles_0001.jpg,0
lfw-deepfunneled/lfw-deepfunneled/David_Stern/David_Stern_0001.jpg,lfw-deepfunneled/lfw-deepfunneled/David_Stern/David_Stern_0002.jpg,1
lfw-deepfunneled/lfw-deepfunneled/Pete_Rose/Pete_Rose_0001.jpg,lfw-deepfunneled/lfw-deepfunneled/Jose_Manuel_Durao_Barroso/Jose_Manuel_Durao_Barroso_0006.jpg,0
lfw-deepfunneled/lfw-deepfunneled/Nadine_Vinzens/Nadine_Vinzens_0002.jpg,lfw-deepfunneled/lfw-deepfunneled/Marisa_Tomei/Marisa_Tomei_0001.jpg,0
lfw-deepfunneled/lfw-deepfunneled/Christina_Aguilera/Christina_Aguilera_0001.jpg,lfw-deepfunneled/lfw-deepfunneled/Donald_Pettit/Donald_Pettit_0002.jpg,0
lfw-deepfunneled/lfw-deepfunneled/Federico_Trillo/Federico_Trillo_0003.jpg,lfw-deepfunneled/lfw-deepfunneled/Federico_Trillo/Federico_Trillo_0002.jpg,1
lfw-deepfunneled/lfw-deepfunneled/John_Spencer/John_Spencer_0001.jpg,lfw-deepfunneled/lfw-deepfunneled/Donald_Pettit/Donald_Pettit_0001.jpg,0
lfw-deepfunneled/lfw-deepfunneled/Recep_Tayyip_Erdogan/Recep_Tayyip_Erdogan_0020.jpg,lfw-deepfunneled/lfw-deepfunneled/Recep_Tayyip_Erdogan/Recep_Tayyip_Erdogan_0012.jpg,1
lfw-deepfunneled/lfw-deepfunneled/Blythe_Danner/Blythe_Danner_0002.jpg,lfw-deepfunneled/lfw-deepfunneled/Blythe_Danner/Blythe_Danner_0001.jpg,1
lfw-deepfunneled/lfw-deepfunneled/Samira_Makhmalbaf/Samira_Makhmalbaf_0002.jpg,lfw-deepfunneled/lfw-deepfunneled/Hanan_Ashrawi/Hanan_Ashrawi_0001.jpg,0
lfw-deepfunneled/lfw-deepfunneled/Tyron_Garner/Tyron_Garner_0002.jpg,lfw-deepfunneled/lfw-deepfunneled/Tyron_Garner/Tyron_Garner_0001.jpg,1
lfw-deepfunneled/lfw-deepfunneled/Terje_Roed-Larsen/Terje_Roed-Larsen_0002.jpg,lfw-deepfunneled/lfw-deepfunneled/Terje_Roed-Larsen/Terje_Roed-Larsen_0001.jpg,1
lfw-deepfunneled/lfw-deepfunneled/Carlos_Menem/Carlos_Menem_0020.jpg,lfw-deepfunneled/lfw-deepfunneled/Jonathan_Mostow/Jonathan_Mostow_0002.jpg,0
lfw-deepfunneled/lfw-deepfunneled/Kristen_Breitweiser/Kristen_Breitweiser_0001.jpg,lfw-deepfunneled/lfw-deepfunneled/Jennifer_Aniston/Jennifer_Aniston_0012.jpg,0
lfw-deepfunneled/lfw-deepfunneled/Rita_Wilson/Rita_Wilson_0002.jpg,lfw-deepfunneled/lfw-deepfunneled/Jean-Claude_Trichet/Jean-Claude_Trichet_0001.jpg,0
lfw-deepfunneled/lfw-deepfunneled/Norman_Jewison/Norman_Jewison_0002.jpg,lfw-deepfunneled/lfw-deepfunneled/Sean_Astin/Sean_Astin_0001.jpg,0
lfw-deepfunneled/lfw-deepfunneled/Tyra_Banks/Tyra_Banks_0002.jpg,lfw-deepfunneled/lfw-deepfunneled/Joseph_Ralston/Joseph_Ralston_0001.jpg,0
lfw-deepfunneled/lfw-deepfunneled/Gabriel_Valdes/Gabriel_Valdes_0002.jpg,lfw-deepfunneled/lfw-deepfunneled/Gabriel_Valdes/Gabriel_Valdes_0001.jpg,1
lfw-deepfunneled/lfw-deepfunneled/Yasser_Arafat/Yasser_Arafat_0007.jpg,lfw-deepfunneled/lfw-deepfunneled/Jorge_Castaneda/Jorge_Castaneda_0001.jpg,0
lfw-deepfunneled/lfw-deepfunneled/Mike_Holmgren/Mike_Holmgren_0001.jpg,lfw-deepfunneled/lfw-deepfunneled/Rupert_Murdoch/Rupert_Murdoch_0002.jpg,0
lfw-deepfunneled/lfw-deepfunneled/Jolanta_Kwasniewski/Jolanta_Kwasniewski_0002.jpg,lfw-deepfunneled/lfw-deepfunneled/Jolanta_Kwasniewski/Jolanta_Kwasniewski_0001.jpg,1
lfw-deepfunneled/lfw-deepfunneled/Ari_Fleischer/Ari_Fleischer_0002.jpg,lfw-deepfunneled/lfw-deepfunneled/Ari_Fleischer/Ari_Fleischer_0009.jpg,1
lfw-deepfunneled/lfw-deepfunneled/Boris_Berezovsky/Boris_Berezovsky_0002.jpg,lfw-deepfunneled/lfw-deepfunneled/Boris_Berezovsky/Boris_Berezovsky_0001.jpg,1
lfw-deepfunneled/lfw-deepfunneled/Ali_Naimi/Ali_Naimi_0006.jpg,lfw-deepfunneled/lfw-deepfunneled/Ali_Naimi/Ali_Naimi_0005.jpg,1
lfw-deepfunneled/lfw-deepfunneled/Ricky_Martin/Ricky_Martin_0002.jpg,lfw-deepfunneled/lfw-deepfunneled/Ricky_Martin/Ricky_Martin_0001.jpg,1
lfw-deepfunneled/lfw-deepfunneled/Ahmad_Masood/Ahmad_Masood_0002.jpg,lfw-deepfunneled/lfw-deepfunneled/Ahmad_Masood/Ahmad_Masood_0001.jpg,1
lfw-deepfunneled/lfw-deepfunneled/Joseph_Estrada/Joseph_Estrada_0003.jpg,lfw-deepfunneled/lfw-deepfunneled/Hans_Eichel/Hans_Eichel_0002.jpg,0
lfw-deepfunneled/lfw-deepfunneled/James_Ivory/James_Ivory_0002.jpg,lfw-deepfunneled/lfw-deepfunneled/James_Ivory/James_Ivory_0001.jpg,1
lfw-deepfunneled/lfw-deepfunneled/Vladimir_Voltchkov/Vladimir_Voltchkov_0002.jpg,lfw-deepfunneled/lfw-deepfunneled/Vladimir_Voltchkov/Vladimir_Voltchkov_0001.jpg,1
lfw-deepfunneled/lfw-deepfunneled/Russell_Simmons/Russell_Simmons_0001.jpg,lfw-deepfunneled/lfw-deepfunneled/Gary_Carter/Gary_Carter_0003.jpg,0
lfw-deepfunneled/lfw-deepfunneled/Alex_Penelas/Alex_Penelas_0001.jpg,lfw-deepfunneled/lfw-deepfunneled/Alex_Penelas/Alex_Penelas_0002.jpg,1
lfw-deepfunneled/lfw-deepfunneled/Asa_Hutchinson/Asa_Hutchinson_0002.jpg,lfw-deepfunneled/lfw-deepfunneled/Asa_Hutchinson/Asa_Hutchinson_0001.jpg,1
lfw-deepfunneled/lfw-deepfunneled/Samira_Makhmalbaf/Samira_Makhmalbaf_0002.jpg,lfw-deepfunneled/lfw-deepfunneled/Warren_Beatty/Warren_Beatty_0002.jpg,0
lfw-deepfunneled/lfw-deepfunneled/Leslie_Ann_Woodward/Leslie_Ann_Woodward_0002.jpg,lfw-deepfunneled/lfw-deepfunneled/Leslie_Ann_Woodward/Leslie_Ann_Woodward_0001.jpg,1
lfw-deepfunneled/lfw-deepfunneled/Butch_Davis/Butch_Davis_0002.jpg,lfw-deepfunneled/lfw-deepfunneled/Arye_Mekel/Arye_Mekel_0002.jpg,0
lfw-deepfunneled/lfw-deepfunneled/Jose_Viegas_Filho/Jose_Viegas_Filho_0001.jpg,lfw-deepfunneled/lfw-deepfunneled/Prince_Willem-Alexander/Prince_Willem-Alexander_0001.jpg,0
lfw-deepfunneled/lfw-deepfunneled/Christine_Baumgartner/Christine_Baumgartner_0002.jpg,lfw-deepfunneled/lfw-deepfunneled/James_Schultz/James_Schultz_0001.jpg,0
lfw-deepfunneled/lfw-deepfunneled/Katherine_Harris/Katherine_Harris_0003.jpg,lfw-deepfunneled/lfw-deepfunneled/Katherine_Harris/Katherine_Harris_0001.jpg,1
lfw-deepfunneled/lfw-deepfunneled/Sarah_Hughes/Sarah_Hughes_0005.jpg,lfw-deepfunneled/lfw-deepfunneled/Leland_Chapman/Leland_Chapman_0002.jpg,0
lfw-deepfunneled/lfw-deepfunneled/Justin_Gatlin/Justin_Gatlin_0001.jpg,lfw-deepfunneled/lfw-deepfunneled/Gene_Robinson/Gene_Robinson_0003.jpg,0
lfw-deepfunneled/lfw-deepfunneled/Robert_Torricelli/Robert_Torricelli_0002.jpg,lfw-deepfunneled/lfw-deepfunneled/Robert_Torricelli/Robert_Torricelli_0003.jpg,1
lfw-deepfunneled/lfw-deepfunneled/Sachiko_Yamada/Sachiko_Yamada_0003.jpg,lfw-deepfunneled/lfw-deepfunneled/Sachiko_Yamada/Sachiko_Yamada_0001.jpg,1
lfw-deepfunneled/lfw-deepfunneled/Conchita_Martinez/Conchita_Martinez_0002.jpg,lfw-deepfunneled/lfw-deepfunneled/Conchita_Martinez/Conchita_Martinez_0001.jpg,1
lfw-deepfunneled/lfw-deepfunneled/Augustin_Calleri/Augustin_Calleri_0003.jpg,lfw-deepfunneled/lfw-deepfunneled/Augustin_Calleri/Augustin_Calleri_0002.jpg,1
lfw-deepfunneled/lfw-deepfunneled/Oprah_Winfrey/Oprah_Winfrey_0001.jpg,lfw-deepfunneled/lfw-deepfunneled/Oprah_Winfrey/Oprah_Winfrey_0002.jpg,1
lfw-deepfunneled/lfw-deepfunneled/Miroljub/Miroljub_0002.jpg,lfw-deepfunneled/lfw-deepfunneled/Miroljub/Miroljub_0001.jpg,1
lfw-deepfunneled/lfw-deepfunneled/Bill_Nelson/Bill_Nelson_0001.jpg,lfw-deepfunneled/lfw-deepfunneled/Bill_Nelson/Bill_Nelson_0002.jpg,1
lfw-deepfunneled/lfw-deepfunneled/Jessica_Lange/Jessica_Lange_0002.jpg,lfw-deepfunneled/lfw-deepfunneled/Jessica_Lange/Jessica_Lange_0001.jpg,1
lfw-deepfunneled/lfw-deepfunneled/Colin_Powell/Colin_Powell_0026.jpg,lfw-deepfunneled/lfw-deepfunneled/Leland_Chapman/Leland_Chapman_0002.jpg,0
lfw-deepfunneled/lfw-deepfunneled/Annette_Lu/Annette_Lu_0002.jpg,lfw-deepfunneled/lfw-deepfunneled/Kirk_Johnson/Kirk_Johnson_0003.jpg,0
lfw-deepfunneled/lfw-deepfunneled/Mikhail_Wehbe/Mikhail_Wehbe_0003.jpg,lfw-deepfunneled/lfw-deepfunneled/Mikhail_Wehbe/Mikhail_Wehbe_0004.jpg,1
lfw-deepfunneled/lfw-deepfunneled/Tim_Curry/Tim_Curry_0002.jpg,lfw-deepfunneled/lfw-deepfunneled/Justin_Guarini/Justin_Guarini_0002.jpg,0
lfw-deepfunneled/lfw-deepfunneled/Xavier_Malisse/Xavier_Malisse_0001.jpg,lfw-deepfunneled/lfw-deepfunneled/Xavier_Malisse/Xavier_Malisse_0005.jpg,1
lfw-deepfunneled/lfw-deepfunneled/David_Wells/David_Wells_0003.jpg,lfw-deepfunneled/lfw-deepfunneled/David_Wells/David_Wells_0005.jpg,1
lfw-deepfunneled/lfw-deepfunneled/Benazir_Bhutto/Benazir_Bhutto_0005.jpg,lfw-deepfunneled/lfw-deepfunneled/Don_Siegelman/Don_Siegelman_0002.jpg,0
lfw-deepfunneled/lfw-deepfunneled/Leslie_Caldwell/Leslie_Caldwell_0003.jpg,lfw-deepfunneled/lfw-deepfunneled/Leslie_Caldwell/Leslie_Caldwell_0001.jpg,1
lfw-deepfunneled/lfw-deepfunneled/Brian_Wells/Brian_Wells_0002.jpg,lfw-deepfunneled/lfw-deepfunneled/Brian_Wells/Brian_Wells_0001.jpg,1
lfw-deepfunneled/lfw-deepfunneled/Martina_Hingis/Martina_Hingis_0001.jpg,lfw-deepfunneled/lfw-deepfunneled/Robbie_Fowler/Robbie_Fowler_0002.jpg,0
lfw-deepfunneled/lfw-deepfunneled/Bill_Gates/Bill_Gates_0007.jpg,lfw-deepfunneled/lfw-deepfunneled/Bill_Gates/Bill_Gates_0012.jpg,1
lfw-deepfunneled/lfw-deepfunneled/Fernando_Henrique_Cardoso/Fernando_Henrique_Cardoso_0003.jpg,lfw-deepfunneled/lfw-deepfunneled/Fernando_Henrique_Cardoso/Fernando_Henrique_Cardoso_0007.jpg,1
lfw-deepfunneled/lfw-deepfunneled/Mahmoud_Abbas/Mahmoud_Abbas_0018.jpg,lfw-deepfunneled/lfw-deepfunneled/Naomi_Campbell/Naomi_Campbell_0002.jpg,0
lfw-deepfunneled/lfw-deepfunneled/Garry_Kasparov/Garry_Kasparov_0001.jpg,lfw-deepfunneled/lfw-deepfunneled/Garry_Kasparov/Garry_Kasparov_0002.jpg,1
lfw-deepfunneled/lfw-deepfunneled/Sally_Ride/Sally_Ride_0002.jpg,lfw-deepfunneled/lfw-deepfunneled/Sally_Ride/Sally_Ride_0001.jpg,1
lfw-deepfunneled/lfw-deepfunneled/Ai_Sugiyama/Ai_Sugiyama_0003.jpg,lfw-deepfunneled/lfw-deepfunneled/Ai_Sugiyama/Ai_Sugiyama_0004.jpg,1
lfw-deepfunneled/lfw-deepfunneled/Jean-David_Levitte/Jean-David_Levitte_0003.jpg,lfw-deepfunneled/lfw-deepfunneled/Jean-David_Levitte/Jean-David_Levitte_0002.jpg,1
lfw-deepfunneled/lfw-deepfunneled/Jorge_Castaneda/Jorge_Castaneda_0002.jpg,lfw-deepfunneled/lfw-deepfunneled/Jorge_Castaneda/Jorge_Castaneda_0001.jpg,1
lfw-deepfunneled/lfw-deepfunneled/Tyler_Hamilton/Tyler_Hamilton_0001.jpg,lfw-deepfunneled/lfw-deepfunneled/Tyler_Hamilton/Tyler_Hamilton_0002.jpg,1
lfw-deepfunneled/lfw-deepfunneled/Gregg_Popovich/Gregg_Popovich_0002.jpg,lfw-deepfunneled/lfw-deepfunneled/Anders_Fogh_Rasmussen/Anders_Fogh_Rasmussen_0001.jpg,0
lfw-deepfunneled/lfw-deepfunneled/Olivia_Newton-John/Olivia_Newton-John_0002.jpg,lfw-deepfunneled/lfw-deepfunneled/James_Traficant/James_Traficant_0001.jpg,0
lfw-deepfunneled/lfw-deepfunneled/Lawrence_MacAulay/Lawrence_MacAulay_0001.jpg,lfw-deepfunneled/lfw-deepfunneled/Lawrence_MacAulay/Lawrence_MacAulay_0002.jpg,1
lfw-deepfunneled/lfw-deepfunneled/Marissa_Jaret_Winokur/Marissa_Jaret_Winokur_0002.jpg,lfw-deepfunneled/lfw-deepfunneled/Rachel_Griffiths/Rachel_Griffiths_0003.jpg,0
lfw-deepfunneled/lfw-deepfunneled/Guy_Ritchie/Guy_Ritchie_0001.jpg,lfw-deepfunneled/lfw-deepfunneled/Guy_Ritchie/Guy_Ritchie_0002.jpg,1
lfw-deepfunneled/lfw-deepfunneled/Drew_Barrymore/Drew_Barrymore_0002.jpg,lfw-deepfunneled/lfw-deepfunneled/Drew_Barrymore/Drew_Barrymore_0001.jpg,1
lfw-deepfunneled/lfw-deepfunneled/Sammy_Sosa/Sammy_Sosa_0002.jpg,lfw-deepfunneled/lfw-deepfunneled/Emmanuelle_Beart/Emmanuelle_Beart_0003.jpg,0
lfw-deepfunneled/lfw-deepfunneled/Dwayne_Johnson/Dwayne_Johnson_0001.jpg,lfw-deepfunneled/lfw-deepfunneled/Dwayne_Johnson/Dwayne_Johnson_0002.jpg,1
lfw-deepfunneled/lfw-deepfunneled/Sophia_Loren/Sophia_Loren_0005.jpg,lfw-deepfunneled/lfw-deepfunneled/Sophia_Loren/Sophia_Loren_0004.jpg,1
lfw-deepfunneled/lfw-deepfunneled/Sam_Mendes/Sam_Mendes_0001.jpg,lfw-deepfunneled/lfw-deepfunneled/Hal_Sutton/Hal_Sutton_0001.jpg,0
lfw-deepfunneled/lfw-deepfunneled/Mike_Brey/Mike_Brey_0002.jpg,lfw-deepfunneled/lfw-deepfunneled/Rubens_Barrichello/Rubens_Barrichello_0012.jpg,0
lfw-deepfunneled/lfw-deepfunneled/Jeong_Se-hyun/Jeong_Se-hyun_0009.jpg,lfw-deepfunneled/lfw-deepfunneled/Holly_Hunter/Holly_Hunter_0006.jpg,0
lfw-deepfunneled/lfw-deepfunneled/Parris_Glendening/Parris_Glendening_0002.jpg,lfw-deepfunneled/lfw-deepfunneled/Parris_Glendening/Parris_Glendening_0001.jpg,1
lfw-deepfunneled/lfw-deepfunneled/Bob_Dole/Bob_Dole_0003.jpg,lfw-deepfunneled/lfw-deepfunneled/Amber_Tamblyn/Amber_Tamblyn_0001.jpg,0
lfw-deepfunneled/lfw-deepfunneled/Anna_Kournikova/Anna_Kournikova_0010.jpg,lfw-deepfunneled/lfw-deepfunneled/Anna_Kournikova/Anna_Kournikova_0011.jpg,1
lfw-deepfunneled/lfw-deepfunneled/Paul_Coppin/Paul_Coppin_0001.jpg,lfw-deepfunneled/lfw-deepfunneled/Greg_Gilbert/Greg_Gilbert_0001.jpg,0
lfw-deepfunneled/lfw-deepfunneled/Andy_Hebb/Andy_Hebb_0001.jpg,lfw-deepfunneled/lfw-deepfunneled/Andy_Hebb/Andy_Hebb_0002.jpg,1
lfw-deepfunneled/lfw-deepfunneled/Omar_Sharif/Omar_Sharif_0003.jpg,lfw-deepfunneled/lfw-deepfunneled/Omar_Sharif/Omar_Sharif_0001.jpg,1
lfw-deepfunneled/lfw-deepfunneled/Osama_bin_Laden/Osama_bin_Laden_0004.jpg,lfw-deepfunneled/lfw-deepfunneled/Osama_bin_Laden/Osama_bin_Laden_0003.jpg,1
lfw-deepfunneled/lfw-deepfunneled/Job_Cohen/Job_Cohen_0001.jpg,lfw-deepfunneled/lfw-deepfunneled/Job_Cohen/Job_Cohen_0002.jpg,1
lfw-deepfunneled/lfw-deepfunneled/Dolma_Tsering/Dolma_Tsering_0001.jpg,lfw-deepfunneled/lfw-deepfunneled/Dick_Vermeil/Dick_Vermeil_0001.jpg,0
lfw-deepfunneled/lfw-deepfunneled/Don_Siegelman/Don_Siegelman_0003.jpg,lfw-deepfunneled/lfw-deepfunneled/Don_Siegelman/Don_Siegelman_0004.jpg,1
lfw-deepfunneled/lfw-deepfunneled/Kim_Yong-il/Kim_Yong-il_0002.jpg,lfw-deepfunneled/lfw-deepfunneled/John_Travolta/John_Travolta_0007.jpg,0
lfw-deepfunneled/lfw-deepfunneled/King_Abdullah_II/King_Abdullah_II_0005.jpg,lfw-deepfunneled/lfw-deepfunneled/King_Abdullah_II/King_Abdullah_II_0004.jpg,1
lfw-deepfunneled/lfw-deepfunneled/Salma_Hayek/Salma_Hayek_0001.jpg,lfw-deepfunneled/lfw-deepfunneled/Salma_Hayek/Salma_Hayek_0011.jpg,1
lfw-deepfunneled/lfw-deepfunneled/Bruce_Springsteen/Bruce_Springsteen_0004.jpg,lfw-deepfunneled/lfw-deepfunneled/Jiri_Novak/Jiri_Novak_0008.jpg,0
lfw-deepfunneled/lfw-deepfunneled/Lloyd_Ward/Lloyd_Ward_0002.jpg,lfw-deepfunneled/lfw-deepfunneled/Lloyd_Ward/Lloyd_Ward_0001.jpg,1
lfw-deepfunneled/lfw-deepfunneled/Stockard_Channing/Stockard_Channing_0001.jpg,lfw-deepfunneled/lfw-deepfunneled/Stockard_Channing/Stockard_Channing_0003.jpg,1
lfw-deepfunneled/lfw-deepfunneled/Jack_Nicholson/Jack_Nicholson_0003.jpg,lfw-deepfunneled/lfw-deepfunneled/Jack_Nicholson/Jack_Nicholson_0001.jpg,1
lfw-deepfunneled/lfw-deepfunneled/Justine_Pasek/Justine_Pasek_0001.jpg,lfw-deepfunneled/lfw-deepfunneled/Justine_Pasek/Justine_Pasek_0002.jpg,1
lfw-deepfunneled/lfw-deepfunneled/Nanni_Moretti/Nanni_Moretti_0001.jpg,lfw-deepfunneled/lfw-deepfunneled/Nanni_Moretti/Nanni_Moretti_0002.jpg,1
lfw-deepfunneled/lfw-deepfunneled/Keanu_Reeves/Keanu_Reeves_0012.jpg,lfw-deepfunneled/lfw-deepfunneled/Keanu_Reeves/Keanu_Reeves_0008.jpg,1
lfw-deepfunneled/lfw-deepfunneled/Robinson_Stevenin/Robinson_Stevenin_0002.jpg,lfw-deepfunneled/lfw-deepfunneled/Jean-David_Levitte/Jean-David_Levitte_0003.jpg,0
lfw-deepfunneled/lfw-deepfunneled/Shia_LaBeouf/Shia_LaBeouf_0002.jpg,lfw-deepfunneled/lfw-deepfunneled/Shia_LaBeouf/Shia_LaBeouf_0001.jpg,1
lfw-deepfunneled/lfw-deepfunneled/Patricia_Heaton/Patricia_Heaton_0001.jpg,lfw-deepfunneled/lfw-deepfunneled/Joseph_Biden/Joseph_Biden_0005.jpg,0
lfw-deepfunneled/lfw-deepfunneled/Vladimir_Spidla/Vladimir_Spidla_0003.jpg,lfw-deepfunneled/lfw-deepfunneled/Vladimir_Spidla/Vladimir_Spidla_0001.jpg,1
lfw-deepfunneled/lfw-deepfunneled/Lisa_Ling/Lisa_Ling_0002.jpg,lfw-deepfunneled/lfw-deepfunneled/Simon_Cowell/Simon_Cowell_0001.jpg,0
lfw-deepfunneled/lfw-deepfunneled/Penelope_Ann_Miller/Penelope_Ann_Miller_0002.jpg,lfw-deepfunneled/lfw-deepfunneled/Mark_Hamister/Mark_Hamister_0001.jpg,0
lfw-deepfunneled/lfw-deepfunneled/Alvaro_Silva_Calderon/Alvaro_Silva_Calderon_0004.jpg,lfw-deepfunneled/lfw-deepfunneled/Alvaro_Silva_Calderon/Alvaro_Silva_Calderon_0002.jpg,1
lfw-deepfunneled/lfw-deepfunneled/Jeb_Bush/Jeb_Bush_0012.jpg,lfw-deepfunneled/lfw-deepfunneled/Ishaq_Shahryar/Ishaq_Shahryar_0002.jpg,0
lfw-deepfunneled/lfw-deepfunneled/Carlos_Ghosn/Carlos_Ghosn_0002.jpg,lfw-deepfunneled/lfw-deepfunneled/Vanessa_Incontrada/Vanessa_Incontrada_0002.jpg,0
lfw-deepfunneled/lfw-deepfunneled/Nebojsa_Pavkovic/Nebojsa_Pavkovic_0001.jpg,lfw-deepfunneled/lfw-deepfunneled/Carmen_Electra/Carmen_Electra_0002.jpg,0
lfw-deepfunneled/lfw-deepfunneled/Robin_McLaurin_Williams/Robin_McLaurin_Williams_0001.jpg,lfw-deepfunneled/lfw-deepfunneled/Tyron_Garner/Tyron_Garner_0002.jpg,0
lfw-deepfunneled/lfw-deepfunneled/Princess_Elisabeth/Princess_Elisabeth_0001.jpg,lfw-deepfunneled/lfw-deepfunneled/Princess_Elisabeth/Princess_Elisabeth_0002.jpg,1
lfw-deepfunneled/lfw-deepfunneled/Jong_Thae_Hwa/Jong_Thae_Hwa_0002.jpg,lfw-deepfunneled/lfw-deepfunneled/Michael_Patrick_King/Michael_Patrick_King_0001.jpg,0
lfw-deepfunneled/lfw-deepfunneled/Eric_Rosser/Eric_Rosser_0002.jpg,lfw-deepfunneled/lfw-deepfunneled/Kate_Winslet/Kate_Winslet_0004.jpg,0
lfw-deepfunneled/lfw-deepfunneled/Doug_Duncan/Doug_Duncan_0002.jpg,lfw-deepfunneled/lfw-deepfunneled/Rupert_Grint/Rupert_Grint_0002.jpg,0
lfw-deepfunneled/lfw-deepfunneled/Gwendal_Peizerat/Gwendal_Peizerat_0003.jpg,lfw-deepfunneled/lfw-deepfunneled/Gwendal_Peizerat/Gwendal_Peizerat_0001.jpg,1
lfw-deepfunneled/lfw-deepfunneled/Sheila_Wellstone/Sheila_Wellstone_0001.jpg,lfw-deepfunneled/lfw-deepfunneled/Sheila_Wellstone/Sheila_Wellstone_0002.jpg,1
lfw-deepfunneled/lfw-deepfunneled/Melissa_Etheridge/Melissa_Etheridge_0002.jpg,lfw-deepfunneled/lfw-deepfunneled/Lynn_Abraham/Lynn_Abraham_0002.jpg,0
lfw-deepfunneled/lfw-deepfunneled/Valdas_Adamkus/Valdas_Adamkus_0002.jpg,lfw-deepfunneled/lfw-deepfunneled/David_Wolf/David_Wolf_0002.jpg,0
lfw-deepfunneled/lfw-deepfunneled/Masahiko_Nagasawa/Masahiko_Nagasawa_0001.jpg,lfw-deepfunneled/lfw-deepfunneled/Masahiko_Nagasawa/Masahiko_Nagasawa_0002.jpg,1
lfw-deepfunneled/lfw-deepfunneled/Adrian_McPherson/Adrian_McPherson_0002.jpg,lfw-deepfunneled/lfw-deepfunneled/Tim_Chapman/Tim_Chapman_0001.jpg,0
lfw-deepfunneled/lfw-deepfunneled/Tom_Crean/Tom_Crean_0002.jpg,lfw-deepfunneled/lfw-deepfunneled/Tom_Crean/Tom_Crean_0004.jpg,1
lfw-deepfunneled/lfw-deepfunneled/Kim_Clijsters/Kim_Clijsters_0006.jpg,lfw-deepfunneled/lfw-deepfunneled/Charles_Taylor/Charles_Taylor_0009.jpg,0
lfw-deepfunneled/lfw-deepfunneled/Scott_McNealy/Scott_McNealy_0002.jpg,lfw-deepfunneled/lfw-deepfunneled/Scott_McNealy/Scott_McNealy_0001.jpg,1
lfw-deepfunneled/lfw-deepfunneled/Pierce_Brosnan/Pierce_Brosnan_0008.jpg,lfw-deepfunneled/lfw-deepfunneled/Arnaud_Clement/Arnaud_Clement_0001.jpg,0
lfw-deepfunneled/lfw-deepfunneled/Mark_Cuban/Mark_Cuban_0002.jpg,lfw-deepfunneled/lfw-deepfunneled/Mark_Cuban/Mark_Cuban_0001.jpg,1
lfw-deepfunneled/lfw-deepfunneled/Barbra_Streisand/Barbra_Streisand_0003.jpg,lfw-deepfunneled/lfw-deepfunneled/Barbra_Streisand/Barbra_Streisand_0002.jpg,1
lfw-deepfunneled/lfw-deepfunneled/Kurt_Warner/Kurt_Warner_0002.jpg,lfw-deepfunneled/lfw-deepfunneled/Bode_Miller/Bode_Miller_0001.jpg,0
lfw-deepfunneled/lfw-deepfunneled/Magui_Serna/Magui_Serna_0002.jpg,lfw-deepfunneled/lfw-deepfunneled/Stan_Heath/Stan_Heath_0002.jpg,0
lfw-deepfunneled/lfw-deepfunneled/Chris_Tucker/Chris_Tucker_0002.jpg,lfw-deepfunneled/lfw-deepfunneled/Chris_Tucker/Chris_Tucker_0001.jpg,1
lfw-deepfunneled/lfw-deepfunneled/John_Jumper/John_Jumper_0001.jpg,lfw-deepfunneled/lfw-deepfunneled/John_Jumper/John_Jumper_0002.jpg,1
lfw-deepfunneled/lfw-deepfunneled/Charles_Grassley/Charles_Grassley_0002.jpg,lfw-deepfunneled/lfw-deepfunneled/Charles_Grassley/Charles_Grassley_0001.jpg,1
lfw-deepfunneled/lfw-deepfunneled/Sarah_Jessica_Parker/Sarah_Jessica_Parker_0002.jpg,lfw-deepfunneled/lfw-deepfunneled/Sarah_Jessica_Parker/Sarah_Jessica_Parker_0004.jpg,1
lfw-deepfunneled/lfw-deepfunneled/Cecilia_Bolocco/Cecilia_Bolocco_0002.jpg,lfw-deepfunneled/lfw-deepfunneled/Cecilia_Bolocco/Cecilia_Bolocco_0003.jpg,1
lfw-deepfunneled/lfw-deepfunneled/Kenneth_Bowersox/Kenneth_Bowersox_0002.jpg,lfw-deepfunneled/lfw-deepfunneled/Kenneth_Bowersox/Kenneth_Bowersox_0003.jpg,1
lfw-deepfunneled/lfw-deepfunneled/Chris_Byrd/Chris_Byrd_0001.jpg,lfw-deepfunneled/lfw-deepfunneled/Steve_Ballmer/Steve_Ballmer_0003.jpg,0
lfw-deepfunneled/lfw-deepfunneled/Vicente_Fox/Vicente_Fox_0021.jpg,lfw-deepfunneled/lfw-deepfunneled/Vicente_Fox/Vicente_Fox_0011.jpg,1
lfw-deepfunneled/lfw-deepfunneled/Sila_Calderon/Sila_Calderon_0004.jpg,lfw-deepfunneled/lfw-deepfunneled/Richard_Branson/Richard_Branson_0001.jpg,0
lfw-deepfunneled/lfw-deepfunneled/Jerry_Regier/Jerry_Regier_0004.jpg,lfw-deepfunneled/lfw-deepfunneled/Tassos_Papadopoulos/Tassos_Papadopoulos_0002.jpg,0
lfw-deepfunneled/lfw-deepfunneled/Dai_Bachtiar/Dai_Bachtiar_0001.jpg,lfw-deepfunneled/lfw-deepfunneled/Dai_Bachtiar/Dai_Bachtiar_0002.jpg,1
lfw-deepfunneled/lfw-deepfunneled/Barry_Alvarez/Barry_Alvarez_0001.jpg,lfw-deepfunneled/lfw-deepfunneled/Barry_Alvarez/Barry_Alvarez_0002.jpg,1
lfw-deepfunneled/lfw-deepfunneled/Ali_Khamenei/Ali_Khamenei_0002.jpg,lfw-deepfunneled/lfw-deepfunneled/Ali_Khamenei/Ali_Khamenei_0003.jpg,1
lfw-deepfunneled/lfw-deepfunneled/Cesar_Maia/Cesar_Maia_0001.jpg,lfw-deepfunneled/lfw-deepfunneled/Yao_Ming/Yao_Ming_0008.jpg,0
lfw-deepfunneled/lfw-deepfunneled/Bob_Beauprez/Bob_Beauprez_0002.jpg,lfw-deepfunneled/lfw-deepfunneled/Tony_Curtis/Tony_Curtis_0001.jpg,0
lfw-deepfunneled/lfw-deepfunneled/Chang_Dae-whan/Chang_Dae-whan_0001.jpg,lfw-deepfunneled/lfw-deepfunneled/Vincent_Gallo/Vincent_Gallo_0003.jpg,0
lfw-deepfunneled/lfw-deepfunneled/David_Bell/David_Bell_0001.jpg,lfw-deepfunneled/lfw-deepfunneled/Anthony_Fauci/Anthony_Fauci_0002.jpg,0
lfw-deepfunneled/lfw-deepfunneled/Jonathan_Edwards/Jonathan_Edwards_0007.jpg,lfw-deepfunneled/lfw-deepfunneled/Jonathan_Edwards/Jonathan_Edwards_0005.jpg,1
lfw-deepfunneled/lfw-deepfunneled/Dan_Wheldon/Dan_Wheldon_0001.jpg,lfw-deepfunneled/lfw-deepfunneled/Dan_Wheldon/Dan_Wheldon_0002.jpg,1
lfw-deepfunneled/lfw-deepfunneled/George_Ryan/George_Ryan_0002.jpg,lfw-deepfunneled/lfw-deepfunneled/George_Ryan/George_Ryan_0003.jpg,1
lfw-deepfunneled/lfw-deepfunneled/Sergey_Lavrov/Sergey_Lavrov_0002.jpg,lfw-deepfunneled/lfw-deepfunneled/Warren_Beatty/Warren_Beatty_0002.jpg,0
lfw-deepfunneled/lfw-deepfunneled/Nathalie_Baye/Nathalie_Baye_0003.jpg,lfw-deepfunneled/lfw-deepfunneled/Nathalie_Baye/Nathalie_Baye_0001.jpg,1
lfw-deepfunneled/lfw-deepfunneled/Elsa_Zylberstein/Elsa_Zylberstein_0005.jpg,lfw-deepfunneled/lfw-deepfunneled/Elsa_Zylberstein/Elsa_Zylberstein_0001.jpg,1
lfw-deepfunneled/lfw-deepfunneled/Ed_Rosenthal/Ed_Rosenthal_0003.jpg,lfw-deepfunneled/lfw-deepfunneled/Ed_Rosenthal/Ed_Rosenthal_0002.jpg,1
lfw-deepfunneled/lfw-deepfunneled/Fred_Funk/Fred_Funk_0002.jpg,lfw-deepfunneled/lfw-deepfunneled/Gray_Davis/Gray_Davis_0023.jpg,0
lfw-deepfunneled/lfw-deepfunneled/Paul_Burrell/Paul_Burrell_0009.jpg,lfw-deepfunneled/lfw-deepfunneled/Paul_Burrell/Paul_Burrell_0011.jpg,1
lfw-deepfunneled/lfw-deepfunneled/Prince_Charles/Prince_Charles_0005.jpg,lfw-deepfunneled/lfw-deepfunneled/Prince_Charles/Prince_Charles_0004.jpg,1
lfw-deepfunneled/lfw-deepfunneled/Silvia_Farina_Elia/Silvia_Farina_Elia_0002.jpg,lfw-deepfunneled/lfw-deepfunneled/Lili_Taylor/Lili_Taylor_0001.jpg,0
lfw-deepfunneled/lfw-deepfunneled/Dianne_Feinstein/Dianne_Feinstein_0001.jpg,lfw-deepfunneled/lfw-deepfunneled/Sharon_Frey/Sharon_Frey_0001.jpg,0
lfw-deepfunneled/lfw-deepfunneled/Mahmoud_Abbas/Mahmoud_Abbas_0010.jpg,lfw-deepfunneled/lfw-deepfunneled/Fernando_Gonzalez/Fernando_Gonzalez_0004.jpg,0
lfw-deepfunneled/lfw-deepfunneled/Michael_J_Sheehan/Michael_J_Sheehan_0002.jpg,lfw-deepfunneled/lfw-deepfunneled/Michael_J_Sheehan/Michael_J_Sheehan_0001.jpg,1
lfw-deepfunneled/lfw-deepfunneled/William_Ford_Jr/William_Ford_Jr_0002.jpg,lfw-deepfunneled/lfw-deepfunneled/William_Ford_Jr/William_Ford_Jr_0003.jpg,1
lfw-deepfunneled/lfw-deepfunneled/Chan_Gailey/Chan_Gailey_0001.jpg,lfw-deepfunneled/lfw-deepfunneled/Chan_Gailey/Chan_Gailey_0003.jpg,1
lfw-deepfunneled/lfw-deepfunneled/Hun_Sen/Hun_Sen_0002.jpg,lfw-deepfunneled/lfw-deepfunneled/Roy_Williams/Roy_Williams_0001.jpg,0
lfw-deepfunneled/lfw-deepfunneled/Kirk_Ferentz/Kirk_Ferentz_0002.jpg,lfw-deepfunneled/lfw-deepfunneled/Amelia_Vega/Amelia_Vega_0002.jpg,0
lfw-deepfunneled/lfw-deepfunneled/Iain_Duncan_Smith/Iain_Duncan_Smith_0002.jpg,lfw-deepfunneled/lfw-deepfunneled/Iain_Duncan_Smith/Iain_Duncan_Smith_0003.jpg,1
lfw-deepfunneled/lfw-deepfunneled/Fernando_Vargas/Fernando_Vargas_0003.jpg,lfw-deepfunneled/lfw-deepfunneled/Fernando_Vargas/Fernando_Vargas_0001.jpg,1
lfw-deepfunneled/lfw-deepfunneled/Greg_Rusedski/Greg_Rusedski_0002.jpg,lfw-deepfunneled/lfw-deepfunneled/Miroljub/Miroljub_0001.jpg,0
lfw-deepfunneled/lfw-deepfunneled/Carolyn_Dawn_Johnson/Carolyn_Dawn_Johnson_0003.jpg,lfw-deepfunneled/lfw-deepfunneled/Carolyn_Dawn_Johnson/Carolyn_Dawn_Johnson_0002.jpg,1
lfw-deepfunneled/lfw-deepfunneled/Lance_Armstrong/Lance_Armstrong_0011.jpg,lfw-deepfunneled/lfw-deepfunneled/Rafael_Ramirez/Rafael_Ramirez_0003.jpg,0
lfw-deepfunneled/lfw-deepfunneled/Jason_Jennings/Jason_Jennings_0002.jpg,lfw-deepfunneled/lfw-deepfunneled/Jason_Jennings/Jason_Jennings_0001.jpg,1
lfw-deepfunneled/lfw-deepfunneled/Tim_Floyd/Tim_Floyd_0001.jpg,lfw-deepfunneled/lfw-deepfunneled/Tim_Floyd/Tim_Floyd_0002.jpg,1
lfw-deepfunneled/lfw-deepfunneled/Jean-Sebastien_Giguere/Jean-Sebastien_Giguere_0002.jpg,lfw-deepfunneled/lfw-deepfunneled/Queen_Elizabeth_II/Queen_Elizabeth_II_0002.jpg,0
lfw-deepfunneled/lfw-deepfunneled/John_McCormack/John_McCormack_0002.jpg,lfw-deepfunneled/lfw-deepfunneled/John_McCormack/John_McCormack_0001.jpg,1
lfw-deepfunneled/lfw-deepfunneled/Jay_Leno/Jay_Leno_0003.jpg,lfw-deepfunneled/lfw-deepfunneled/Jay_Leno/Jay_Leno_0002.jpg,1
