image1,image2,label
lfw/Drew_Bledsoe/Drew_Bledsoe_0001.jpg,lfw/Jackie_Sherrill/Jackie_Sherrill_0001.jpg,0
lfw/Frank_Dunham_Jr/Frank_Dunham_Jr_0001.jpg,lfw/Frank_Dunham_Jr/Frank_Dunham_Jr_0002.jpg,1
lfw/Farida_Ragoonanan/Farida_Ragoonanan_0001.jpg,lfw/Lionel_Richie/Lionel_Richie_0002.jpg,0
lfw/Brian_Mulroney/Brian_Mulroney_0002.jpg,lfw/Yogi_Berra/Yogi_Berra_0001.jpg,0
lfw/Dorothy_Lamour/Dorothy_Lamour_0001.jpg,lfw/Omar_Sharif/Omar_Sharif_0004.jpg,0
lfw/Ahmed_Ibrahim_Bilal/Ahmed_Ibrahim_Bilal_0001.jpg,lfw/Eric_Christian_Olsen/Eric_Christian_Olsen_0001.jpg,0
lfw/Christian_Lirette/Christian_Lirette_0001.jpg,lfw/Taku_Yamasaki/Taku_Yamasaki_0001.jpg,0
lfw/Cassandra_Heise/Cassandra_Heise_0001.jpg,lfw/Michael_Kors/Michael_Kors_0001.jpg,0
lfw/Dominique_de_Villepin/Dominique_de_Villepin_0014.jpg,lfw/Dominique_de_Villepin/Dominique_de_Villepin_0015.jpg,1
lfw/Jennifer_Capriati/Jennifer_Capriati_0024.jpg,lfw/Jennifer_Capriati/Jennifer_Capriati_0029.jpg,1
lfw/Robert_Altman/Robert_Altman_0001.jpg,lfw/Stella_Keitel/Stella_Keitel_0001.jpg,0
lfw/Matt_Anderson/Matt_Anderson_0001.jpg,lfw/Tyler_Grillo/Tyler_Grillo_0001.jpg,0
lfw/Joseph_Deiss/Joseph_Deiss_0001.jpg,lfw/Joseph_Deiss/Joseph_Deiss_0002.jpg,1
lfw/Catriona_Le_May_Doan/Catriona_Le_May_Doan_0001.jpg,lfw/Kieran_Culkin/Kieran_Culkin_0001.jpg,0
lfw/Kelly_Osbourne/Kelly_Osbourne_0001.jpg,lfw/Sim_Yong/Sim_Yong_0001.jpg,0
lfw/Janica_Kostelic/Janica_Kostelic_0001.jpg,lfw/Janica_Kostelic/Janica_Kostelic_0002.jpg,1
lfw/Mack_Brown/Mack_Brown_0001.jpg,lfw/Mack_Brown/Mack_Brown_0002.jpg,1
lfw/Paris_Hilton/Paris_Hilton_0001.jpg,lfw/Paris_Hilton/Paris_Hilton_0002.jpg,1
lfw/Abdullah_Gul/Abdullah_Gul_0013.jpg,lfw/Abdullah_Gul/Abdullah_Gul_0014.jpg,1
lfw/Carlos_Paternina/Carlos_Paternina_0001.jpg,lfw/Jeff_Feldman/Jeff_Feldman_0001.jpg,0
lfw/Laura_Linney/Laura_Linney_0001.jpg,lfw/Laura_Linney/Laura_Linney_0003.jpg,1
lfw/Hadley_Bilger/Hadley_Bilger_0001.jpg,lfw/Kathleen_Glynn/Kathleen_Glynn_0001.jpg,0
lfw/Cecilia_Bolocco/Cecilia_Bolocco_0002.jpg,lfw/Giulietta_Masina/Giulietta_Masina_0001.jpg,0
lfw/John_Leguizamo/John_Leguizamo_0001.jpg,lfw/Katie_Harman/Katie_Harman_0001.jpg,0
lfw/Christian_Longo/Christian_Longo_0001.jpg,lfw/Christian_Longo/Christian_Longo_0003.jpg,1
lfw/Hillary_Clinton/Hillary_Clinton_0002.jpg,lfw/Zydrunas_Ilgauskas/Zydrunas_Ilgauskas_0001.jpg,0
lfw/Diana_Munz/Diana_Munz_0003.jpg,lfw/Geno_Auriemma/Geno_Auriemma_0001.jpg,0
lfw/Marc-Andre_Fleury/Marc-Andre_Fleury_0001.jpg,lfw/Rob_Lowe/Rob_Lowe_0003.jpg,0
lfw/Carson_Daly/Carson_Daly_0001.jpg,lfw/Carson_Daly/Carson_Daly_0002.jpg,1
lfw/Adrian_Nastase/Adrian_Nastase_0002.jpg,lfw/Ham_Pong-sil/Ham_Pong-sil_0001.jpg,0
lfw/Alex_Penelas/Alex_Penelas_0001.jpg,lfw/Alex_Penelas/Alex_Penelas_0002.jpg,1
lfw/George_Gregan/George_Gregan_0001.jpg,lfw/James_Gandolfini/James_Gandolfini_0003.jpg,0
lfw/James_Spalding/James_Spalding_0001.jpg,lfw/Saeed_Mortazavi/Saeed_Mortazavi_0001.jpg,0
lfw/Jan_Ullrich/Jan_Ullrich_0002.jpg,lfw/Jan_Ullrich/Jan_Ullrich_0003.jpg,1
lfw/Ben_Braun/Ben_Braun_0001.jpg,lfw/Sereyvuth_Kem/Sereyvuth_Kem_0001.jpg,0
lfw/Jane_Russell/Jane_Russell_0001.jpg,lfw/Svend_Robinson/Svend_Robinson_0001.jpg,0
lfw/Tom_Cruise/Tom_Cruise_0001.jpg,lfw/Tom_Cruise/Tom_Cruise_0007.jpg,1
lfw/Andrew_Gilligan/Andrew_Gilligan_0001.jpg,lfw/Hashim_Thaci/Hashim_Thaci_0002.jpg,0
lfw/Rod_Stewart/Rod_Stewart_0001.jpg,lfw/Rod_Stewart/Rod_Stewart_0003.jpg,1
lfw/Michael_Jackson/Michael_Jackson_0002.jpg,lfw/Michael_Jackson/Michael_Jackson_0008.jpg,1
lfw/Mickey_Loomis/Mickey_Loomis_0001.jpg,lfw/Najib_al-Salhi/Najib_al-Salhi_0001.jpg,0
lfw/Brian_Schneider/Brian_Schneider_0001.jpg,lfw/Tex_Ritter/Tex_Ritter_0001.jpg,0
lfw/Al_Pacino/Al_Pacino_0001.jpg,lfw/Al_Pacino/Al_Pacino_0002.jpg,1
lfw/Allan_Houston/Allan_Houston_0001.jpg,lfw/Marwan_Muasher/Marwan_Muasher_0001.jpg,0
lfw/Eric_Robert_Rudolph/Eric_Robert_Rudolph_0001.jpg,lfw/Gregg_Berhalter/Gregg_Berhalter_0001.jpg,0
lfw/Donald_Hays/Donald_Hays_0001.jpg,lfw/Marcio_de_Souza/Marcio_de_Souza_0001.jpg,0
lfw/Pierre_Boulanger/Pierre_Boulanger_0001.jpg,lfw/Pierre_Boulanger/Pierre_Boulanger_0002.jpg,1
lfw/Orrin_Hatch/Orrin_Hatch_0001.jpg,lfw/Orrin_Hatch/Orrin_Hatch_0002.jpg,1
lfw/John_Swofford/John_Swofford_0003.jpg,lfw/Lindsay_Benko/Lindsay_Benko_0002.jpg,0
lfw/Nancy_Kerrigan/Nancy_Kerrigan_0001.jpg,lfw/Thomas_Wyman/Thomas_Wyman_0002.jpg,0
lfw/James_Baker/James_Baker_0001.jpg,lfw/Piers_Sellers/Piers_Sellers_0001.jpg,0
lfw/Jeff_Schiffner/Jeff_Schiffner_0001.jpg,lfw/Sanjay_Chawla/Sanjay_Chawla_0001.jpg,0
lfw/Anna_Jones/Anna_Jones_0001.jpg,lfw/Colleen_Atwood/Colleen_Atwood_0001.jpg,0
lfw/Ellen_DeGeneres/Ellen_DeGeneres_0002.jpg,lfw/Richard_Sambrook/Richard_Sambrook_0002.jpg,0
lfw/Brett_Hull/Brett_Hull_0001.jpg,lfw/Geoffrey_Rush/Geoffrey_Rush_0001.jpg,0
lfw/Dave_Campo/Dave_Campo_0001.jpg,lfw/Dave_Campo/Dave_Campo_0002.jpg,1
lfw/Anne_Cavers/Anne_Cavers_0001.jpg,lfw/Morgan_Freeman/Morgan_Freeman_0001.jpg,0
lfw/Jiang_Zemin/Jiang_Zemin_0002.jpg,lfw/Jiang_Zemin/Jiang_Zemin_0017.jpg,1
lfw/Bill_Rainer/Bill_Rainer_0001.jpg,lfw/Patricia_Clarkson/Patricia_Clarkson_0004.jpg,0
lfw/Christian_Bale/Christian_Bale_0001.jpg,lfw/Nancy_Greenlaw/Nancy_Greenlaw_0001.jpg,0
lfw/Ekke_Hard_Forberg/Ekke_Hard_Forberg_0001.jpg,lfw/Kevin_Sorbo/Kevin_Sorbo_0001.jpg,0
lfw/Gerard_Butler/Gerard_Butler_0001.jpg,lfw/Pascal_Rheaume/Pascal_Rheaume_0001.jpg,0
lfw/Thabo_Mbeki/Thabo_Mbeki_0004.jpg,lfw/Thabo_Mbeki/Thabo_Mbeki_0005.jpg,1
lfw/Eddie_Murray/Eddie_Murray_0001.jpg,lfw/Elva_Hsiao/Elva_Hsiao_0001.jpg,0
lfw/Barbara_Brezigar/Barbara_Brezigar_0001.jpg,lfw/Barbara_Brezigar/Barbara_Brezigar_0002.jpg,1
lfw/Tracee_Ellis_Ross/Tracee_Ellis_Ross_0001.jpg,lfw/Tracee_Ellis_Ross/Tracee_Ellis_Ross_0002.jpg,1
lfw/Thaksin_Shinawatra/Thaksin_Shinawatra_0001.jpg,lfw/Thaksin_Shinawatra/Thaksin_Shinawatra_0006.jpg,1
lfw/Estella_Warren/Estella_Warren_0001.jpg,lfw/Peter_Mugyeni/Peter_Mugyeni_0001.jpg,0
lfw/Adolfo_Rodriguez_Saa/Adolfo_Rodriguez_Saa_0001.jpg,lfw/Catherine_Deneuve/Catherine_Deneuve_0002.jpg,0
lfw/Hushiar_Zebari/Hushiar_Zebari_0001.jpg,lfw/Osrat_Iosef/Osrat_Iosef_0001.jpg,0
lfw/Ernie_Harwell/Ernie_Harwell_0001.jpg,lfw/Nora_Ephron/Nora_Ephron_0001.jpg,0
lfw/Hugh_Carey/Hugh_Carey_0001.jpg,lfw/Oprah_Winfrey/Oprah_Winfrey_0004.jpg,0
lfw/Charles_Lebois/Charles_Lebois_0001.jpg,lfw/Zeng_Qinghong/Zeng_Qinghong_0001.jpg,0
lfw/Patty_Schnyder/Patty_Schnyder_0001.jpg,lfw/Patty_Schnyder/Patty_Schnyder_0004.jpg,1
lfw/James_Barksdale/James_Barksdale_0001.jpg,lfw/Jose_Miguel_Aleman/Jose_Miguel_Aleman_0001.jpg,0
lfw/Billy_Joel/Billy_Joel_0001.jpg,lfw/Edwina_Currie/Edwina_Currie_0003.jpg,0
lfw/James_May/James_May_0001.jpg,lfw/Toutai_Kefu/Toutai_Kefu_0001.jpg,0
lfw/Tim_Allen/Tim_Allen_0001.jpg,lfw/Tim_Allen/Tim_Allen_0002.jpg,1
lfw/Joe_Mendes/Joe_Mendes_0001.jpg,lfw/Joy_Bryant/Joy_Bryant_0001.jpg,0
lfw/Christina_Aguilera/Christina_Aguilera_0004.jpg,lfw/Fred_Huff/Fred_Huff_0001.jpg,0
lfw/Erika_Harold/Erika_Harold_0004.jpg,lfw/Sepp_Blatter/Sepp_Blatter_0001.jpg,0
lfw/William_Macy/William_Macy_0001.jpg,lfw/William_Macy/William_Macy_0004.jpg,1
lfw/Brian_Cowen/Brian_Cowen_0001.jpg,lfw/Brian_Cowen/Brian_Cowen_0002.jpg,1
lfw/Donny_Osmond/Donny_Osmond_0001.jpg,lfw/Heather_Locklear/Heather_Locklear_0001.jpg,0
lfw/Shane_Mosley/Shane_Mosley_0001.jpg,lfw/Shane_Mosley/Shane_Mosley_0002.jpg,1
lfw/Courtney_Cox/Courtney_Cox_0001.jpg,lfw/Kathryn_Grayson/Kathryn_Grayson_0001.jpg,0
lfw/Marcelo_Rios/Marcelo_Rios_0001.jpg,lfw/Marcelo_Rios/Marcelo_Rios_0004.jpg,1
lfw/Jan_Ullrich/Jan_Ullrich_0002.jpg,lfw/Jan_Ullrich/Jan_Ullrich_0005.jpg,1
lfw/Sean_Penn/Sean_Penn_0002.jpg,lfw/Sean_Penn/Sean_Penn_0003.jpg,1
lfw/Fernando_Vargas/Fernando_Vargas_0002.jpg,lfw/Fernando_Vargas/Fernando_Vargas_0004.jpg,1
lfw/Nastassia_Kinski/Nastassia_Kinski_0001.jpg,lfw/Nastassia_Kinski/Nastassia_Kinski_0002.jpg,1
lfw/Gennifer_Flowers/Gennifer_Flowers_0001.jpg,lfw/George_Bovell/George_Bovell_0001.jpg,0
lfw/Ernie_Grunfeld/Ernie_Grunfeld_0001.jpg,lfw/Steven_Kinlock/Steven_Kinlock_0001.jpg,0
lfw/Jane_Walker_Wood/Jane_Walker_Wood_0001.jpg,lfw/Oswaldo_Paya/Oswaldo_Paya_0005.jpg,0
lfw/Enola_Rice/Enola_Rice_0001.jpg,lfw/Jose_Theodore/Jose_Theodore_0001.jpg,0
lfw/Jeanette_Stauffer/Jeanette_Stauffer_0001.jpg,lfw/Wang_Nan/Wang_Nan_0001.jpg,0
lfw/Andy_Madikians/Andy_Madikians_0001.jpg,lfw/Solomon_Passy/Solomon_Passy_0001.jpg,0
lfw/Kaio_Almeida/Kaio_Almeida_0001.jpg,lfw/Sven_Ottke/Sven_Ottke_0001.jpg,0
lfw/Fernando_Sanz/Fernando_Sanz_0001.jpg,lfw/Sonia_Gandhi/Sonia_Gandhi_0002.jpg,0
lfw/George_Robertson/George_Robertson_0012.jpg,lfw/George_Robertson/George_Robertson_0019.jpg,1
lfw/David_Hilt/David_Hilt_0001.jpg,lfw/Shawn_Bradley/Shawn_Bradley_0001.jpg,0
lfw/Elton_John/Elton_John_0003.jpg,lfw/Jason_Jennings/Jason_Jennings_0002.jpg,0
lfw/Garry_Alejano/Garry_Alejano_0001.jpg,lfw/Yasser_Arafat/Yasser_Arafat_0008.jpg,0
lfw/Diana_Taurasi/Diana_Taurasi_0002.jpg,lfw/Steven_Seagal/Steven_Seagal_0002.jpg,0
lfw/Stanley_Nelson/Stanley_Nelson_0001.jpg,lfw/Stella_Tennant/Stella_Tennant_0001.jpg,0
lfw/Anthony_Mazur/Anthony_Mazur_0001.jpg,lfw/Ben_Wallace/Ben_Wallace_0001.jpg,0
lfw/Jimmy_Carter/Jimmy_Carter_0001.jpg,lfw/Jimmy_Carter/Jimmy_Carter_0009.jpg,1
lfw/Mikhail_Youzhny/Mikhail_Youzhny_0002.jpg,lfw/Mikhail_Youzhny/Mikhail_Youzhny_0003.jpg,1
lfw/Cabas/Cabas_0001.jpg,lfw/Nicole_Kidman/Nicole_Kidman_0007.jpg,0
lfw/Gerard_Depardieu/Gerard_Depardieu_0001.jpg,lfw/Harrison_Ford/Harrison_Ford_0007.jpg,0
lfw/Ibrahim_Hilal/Ibrahim_Hilal_0001.jpg,lfw/Kathy_Baker/Kathy_Baker_0001.jpg,0
lfw/Owen_Wilson/Owen_Wilson_0001.jpg,lfw/Owen_Wilson/Owen_Wilson_0002.jpg,1
lfw/Gilberto_Simoni/Gilberto_Simoni_0001.jpg,lfw/Raquel_Welch/Raquel_Welch_0002.jpg,0
lfw/Michael_Schumacher/Michael_Schumacher_0003.jpg,lfw/Stephanie_Moore/Stephanie_Moore_0001.jpg,0
lfw/Franko_Simatovic/Franko_Simatovic_0001.jpg,lfw/Jonathan_Karsh/Jonathan_Karsh_0001.jpg,0
lfw/John_Reilly/John_Reilly_0001.jpg,lfw/Jose_Canseco/Jose_Canseco_0002.jpg,0
lfw/Chris_Cornell/Chris_Cornell_0001.jpg,lfw/Gary_Marshall/Gary_Marshall_0001.jpg,0
lfw/Rachel_Hunter/Rachel_Hunter_0002.jpg,lfw/Rachel_Hunter/Rachel_Hunter_0003.jpg,1
lfw/Chadha_Gurinder/Chadha_Gurinder_0001.jpg,lfw/George_Ryan/George_Ryan_0002.jpg,0
lfw/David_Dodge/David_Dodge_0002.jpg,lfw/Jerry_Tarkanian/Jerry_Tarkanian_0001.jpg,0
lfw/Ernie_Stewart/Ernie_Stewart_0001.jpg,lfw/Mohammed_Mehdi_Saleh/Mohammed_Mehdi_Saleh_0001.jpg,0
lfw/Leszek_Miller/Leszek_Miller_0002.jpg,lfw/Leszek_Miller/Leszek_Miller_0003.jpg,1
lfw/Jennifer_Connelly/Jennifer_Connelly_0003.jpg,lfw/Jennifer_Connelly/Jennifer_Connelly_0004.jpg,1
lfw/Budd_Schulberg/Budd_Schulberg_0001.jpg,lfw/Michelle_Lecky/Michelle_Lecky_0001.jpg,0
lfw/Gerardo_Gambala/Gerardo_Gambala_0002.jpg,lfw/Joey_Mantia/Joey_Mantia_0001.jpg,0
lfw/Henk_Bekedam/Henk_Bekedam_0001.jpg,lfw/Jorge_Alberto_Galindo/Jorge_Alberto_Galindo_0001.jpg,0
lfw/Dennis_Oswald/Dennis_Oswald_0001.jpg,lfw/Shamai_Leibowitz/Shamai_Leibowitz_0001.jpg,0
lfw/Spike_Helmick/Spike_Helmick_0001.jpg,lfw/Wayne_Brady/Wayne_Brady_0001.jpg,0
lfw/Jacob_Frenkel/Jacob_Frenkel_0001.jpg,lfw/Matthew_Ouimet/Matthew_Ouimet_0001.jpg,0
lfw/Ainsworth_Dyer/Ainsworth_Dyer_0001.jpg,lfw/Mary_Sue_Coleman/Mary_Sue_Coleman_0001.jpg,0
lfw/Benedita_da_Silva/Benedita_da_Silva_0001.jpg,lfw/Robert_Weitzel/Robert_Weitzel_0001.jpg,0
lfw/Quincy_Jones/Quincy_Jones_0001.jpg,lfw/Stephen_Joseph/Stephen_Joseph_0001.jpg,0
lfw/Emanuel_Ginobili/Emanuel_Ginobili_0005.jpg,lfw/Ray_Halbritter/Ray_Halbritter_0001.jpg,0
lfw/Sammy_Sosa/Sammy_Sosa_0001.jpg,lfw/Steve_Park/Steve_Park_0001.jpg,0
lfw/Andrew_Jarecki/Andrew_Jarecki_0001.jpg,lfw/Emily_Mortimer/Emily_Mortimer_0001.jpg,0
lfw/Justin_Wilson/Justin_Wilson_0001.jpg,lfw/Pamela_Melroy/Pamela_Melroy_0001.jpg,0
lfw/Emily_Mortimer/Emily_Mortimer_0001.jpg,lfw/Imelda_Marcos/Imelda_Marcos_0001.jpg,0
lfw/Holly_Robinson_Peete/Holly_Robinson_Peete_0001.jpg,lfw/Robert_Schuller/Robert_Schuller_0001.jpg,0
lfw/Bill_Bradley/Bill_Bradley_0001.jpg,lfw/Santiago_Botero/Santiago_Botero_0001.jpg,0
lfw/Frank_Shea/Frank_Shea_0001.jpg,lfw/Mercedes_Amor/Mercedes_Amor_0001.jpg,0
lfw/Alvaro_Silva_Calderon/Alvaro_Silva_Calderon_0003.jpg,lfw/Toni_Jennings/Toni_Jennings_0001.jpg,0
lfw/Edward_Norton/Edward_Norton_0001.jpg,lfw/Edward_Norton/Edward_Norton_0002.jpg,1
lfw/Jim_Ryan/Jim_Ryan_0001.jpg,lfw/Roger_Staubach/Roger_Staubach_0001.jpg,0
lfw/Scott_McNealy/Scott_McNealy_0001.jpg,lfw/Scott_McNealy/Scott_McNealy_0002.jpg,1
lfw/Leuris_Pupo/Leuris_Pupo_0001.jpg,lfw/Stephen_Funk/Stephen_Funk_0001.jpg,0
lfw/Jack_Grubman/Jack_Grubman_0001.jpg,lfw/Jack_Grubman/Jack_Grubman_0002.jpg,1
lfw/Li_Zhaoxing/Li_Zhaoxing_0007.jpg,lfw/Yang_Jianli/Yang_Jianli_0001.jpg,0
lfw/Ann_Veneman/Ann_Veneman_0001.jpg,lfw/Ann_Veneman/Ann_Veneman_0002.jpg,1
lfw/Cathy_Freeman/Cathy_Freeman_0001.jpg,lfw/Cathy_Freeman/Cathy_Freeman_0002.jpg,1
lfw/Mehmet_Okur/Mehmet_Okur_0001.jpg,lfw/Ty_Votaw/Ty_Votaw_0001.jpg,0
lfw/Dennis_Powell/Dennis_Powell_0001.jpg,lfw/Dennis_Powell/Dennis_Powell_0002.jpg,1
lfw/Fernando_Hierro/Fernando_Hierro_0001.jpg,lfw/Richard_Naughton/Richard_Naughton_0001.jpg,0
lfw/Anibal_Ibarra/Anibal_Ibarra_0003.jpg,lfw/Jane_Walker_Wood/Jane_Walker_Wood_0001.jpg,0
lfw/Anwar_Ibrahim/Anwar_Ibrahim_0001.jpg,lfw/Chung_Mong-hun/Chung_Mong-hun_0002.jpg,0
lfw/Anthony_Scott_Miller/Anthony_Scott_Miller_0001.jpg,lfw/Doc_Rivers/Doc_Rivers_0001.jpg,0
lfw/Eric_Lloyd/Eric_Lloyd_0001.jpg,lfw/Mark_Gottfried/Mark_Gottfried_0003.jpg,0
lfw/Christian_Lacroix/Christian_Lacroix_0001.jpg,lfw/Tom_OBrien/Tom_OBrien_0001.jpg,0
lfw/Jennifer_Garner/Jennifer_Garner_0002.jpg,lfw/Thad_Matta/Thad_Matta_0001.jpg,0
lfw/Joan_Collins/Joan_Collins_0001.jpg,lfw/Joe_Calzaghe/Joe_Calzaghe_0002.jpg,0
lfw/Brad_Gushue/Brad_Gushue_0001.jpg,lfw/Patricia_Wartusch/Patricia_Wartusch_0001.jpg,0
lfw/Fred_Eckhard/Fred_Eckhard_0002.jpg,lfw/Tab_Turner/Tab_Turner_0001.jpg,0
lfw/Keanu_Reeves/Keanu_Reeves_0002.jpg,lfw/Liu_Xiaoqing/Liu_Xiaoqing_0001.jpg,0
lfw/Cristian_Barros/Cristian_Barros_0001.jpg,lfw/Paul_William_Hurley/Paul_William_Hurley_0001.jpg,0
lfw/Bison_Dele/Bison_Dele_0001.jpg,lfw/John_Stockton/John_Stockton_0004.jpg,0
lfw/Debbie_Reynolds/Debbie_Reynolds_0003.jpg,lfw/Kristin_Scott_Thomas/Kristin_Scott_Thomas_0001.jpg,0
lfw/Howard_Stringer/Howard_Stringer_0001.jpg,lfw/Princess_Elisabeth/Princess_Elisabeth_0002.jpg,0
lfw/Spencer_Abraham/Spencer_Abraham_0012.jpg,lfw/Spencer_Abraham/Spencer_Abraham_0013.jpg,1
lfw/John_Sweeney/John_Sweeney_0001.jpg,lfw/Ronald_Ito/Ronald_Ito_0001.jpg,0
lfw/Heather_Mills/Heather_Mills_0003.jpg,lfw/Heather_Mills/Heather_Mills_0004.jpg,1
lfw/Gael_Garcia_Bermal/Gael_Garcia_Bermal_0001.jpg,lfw/Tyrone_Medley/Tyrone_Medley_0001.jpg,0
lfw/Matthew_Broderick/Matthew_Broderick_0002.jpg,lfw/Matthew_Broderick/Matthew_Broderick_0003.jpg,1
lfw/Gerhard_Schroeder/Gerhard_Schroeder_0003.jpg,lfw/Gerhard_Schroeder/Gerhard_Schroeder_0026.jpg,1
lfw/Paul_Martin/Paul_Martin_0001.jpg,lfw/Paul_Martin/Paul_Martin_0008.jpg,1
lfw/Aishwarya_Rai/Aishwarya_Rai_0001.jpg,lfw/Lorne_Michaels/Lorne_Michaels_0001.jpg,0
lfw/Gary_Doer/Gary_Doer_0001.jpg,lfw/Gary_Doer/Gary_Doer_0003.jpg,1
lfw/Ray_Morrough/Ray_Morrough_0001.jpg,lfw/Ron_Gonzales/Ron_Gonzales_0001.jpg,0
lfw/Ibrahim_Rugova/Ibrahim_Rugova_0001.jpg,lfw/Juan_Manuel_Marquez/Juan_Manuel_Marquez_0001.jpg,0
lfw/Jose_Rosado/Jose_Rosado_0001.jpg,lfw/Tayshaun_Prince/Tayshaun_Prince_0001.jpg,0
lfw/Ann_Veneman/Ann_Veneman_0008.jpg,lfw/Ann_Veneman/Ann_Veneman_0009.jpg,1
lfw/Winona_Ryder/Winona_Ryder_0019.jpg,lfw/Winona_Ryder/Winona_Ryder_0021.jpg,1
lfw/Gong_Ruina/Gong_Ruina_0001.jpg,lfw/Prince_Charles/Prince_Charles_0005.jpg,0
lfw/Elva_Hsiao/Elva_Hsiao_0001.jpg,lfw/Michael_Deutsch/Michael_Deutsch_0001.jpg,0
lfw/Gian_Marco/Gian_Marco_0002.jpg,lfw/Michael_Munoz/Michael_Munoz_0001.jpg,0
lfw/Bob_Krueger/Bob_Krueger_0001.jpg,lfw/Carlos_Alberto_Parreira/Carlos_Alberto_Parreira_0001.jpg,0
lfw/Jim_Taylor/Jim_Taylor_0001.jpg,lfw/Thanongsak_Tuvinan/Thanongsak_Tuvinan_0001.jpg,0
lfw/Akmal_Taher/Akmal_Taher_0001.jpg,lfw/Deena_Burnett/Deena_Burnett_0001.jpg,0
lfw/Christian_Wulff/Christian_Wulff_0001.jpg,lfw/Christian_Wulff/Christian_Wulff_0002.jpg,1
lfw/Heidi_Fleiss/Heidi_Fleiss_0001.jpg,lfw/Heidi_Fleiss/Heidi_Fleiss_0004.jpg,1
lfw/John_Walsh/John_Walsh_0001.jpg,lfw/John_Walsh/John_Walsh_0002.jpg,1
lfw/Mike_Price/Mike_Price_0001.jpg,lfw/Mike_Price/Mike_Price_0002.jpg,1
lfw/Carla_Del_Ponte/Carla_Del_Ponte_0004.jpg,lfw/Carla_Del_Ponte/Carla_Del_Ponte_0005.jpg,1
lfw/David_Hilt/David_Hilt_0001.jpg,lfw/Emma_Thompson/Emma_Thompson_0002.jpg,0
lfw/Diana_Krall/Diana_Krall_0001.jpg,lfw/Mark_Salter/Mark_Salter_0001.jpg,0
lfw/Dan_Boyle/Dan_Boyle_0001.jpg,lfw/Pete_Gillen/Pete_Gillen_0001.jpg,0
lfw/Paul-Henri_Mathieu/Paul-Henri_Mathieu_0001.jpg,lfw/Paul-Henri_Mathieu/Paul-Henri_Mathieu_0002.jpg,1
lfw/John_Thune/John_Thune_0001.jpg,lfw/Mary-Kate_Olsen/Mary-Kate_Olsen_0003.jpg,0
lfw/Ben_Affleck/Ben_Affleck_0002.jpg,lfw/Ben_Affleck/Ben_Affleck_0006.jpg,1
lfw/Jane_Russell/Jane_Russell_0001.jpg,lfw/Lara_Logan/Lara_Logan_0001.jpg,0
lfw/Barry_Hinson/Barry_Hinson_0001.jpg,lfw/Prince_Naruhito/Prince_Naruhito_0003.jpg,0
lfw/Tammy_Lynn_Michaels/Tammy_Lynn_Michaels_0001.jpg,lfw/Tammy_Lynn_Michaels/Tammy_Lynn_Michaels_0002.jpg,1
lfw/Naomi_Watts/Naomi_Watts_0013.jpg,lfw/Yuri_Fedotov/Yuri_Fedotov_0002.jpg,0
lfw/Nathirah_Hussein/Nathirah_Hussein_0001.jpg,lfw/Pedro_Mahecha/Pedro_Mahecha_0001.jpg,0
lfw/Christopher_Conyers/Christopher_Conyers_0001.jpg,lfw/Yu_Shyi-kun/Yu_Shyi-kun_0003.jpg,0
lfw/Ali_Naimi/Ali_Naimi_0001.jpg,lfw/Ali_Naimi/Ali_Naimi_0003.jpg,1
lfw/Qian_Qichen/Qian_Qichen_0001.jpg,lfw/Sok_An/Sok_An_0001.jpg,0
lfw/Gloria_Trevi/Gloria_Trevi_0001.jpg,lfw/Mickey_Rooney/Mickey_Rooney_0001.jpg,0
lfw/Sean_Patrick_OMalley/Sean_Patrick_OMalley_0001.jpg,lfw/Sean_Patrick_OMalley/Sean_Patrick_OMalley_0002.jpg,1
lfw/Javier_Weber/Javier_Weber_0001.jpg,lfw/Javier_Weber/Javier_Weber_0003.jpg,1
lfw/Thaksin_Shinawatra/Thaksin_Shinawatra_0003.jpg,lfw/Thaksin_Shinawatra/Thaksin_Shinawatra_0006.jpg,1
lfw/Peggy_McGuinness/Peggy_McGuinness_0001.jpg,lfw/Pete_Beaudrault/Pete_Beaudrault_0001.jpg,0
lfw/Colin_Cowie/Colin_Cowie_0001.jpg,lfw/Francisco_Urenda/Francisco_Urenda_0001.jpg,0
lfw/Michelle_Yeoh/Michelle_Yeoh_0003.jpg,lfw/Michelle_Yeoh/Michelle_Yeoh_0004.jpg,1
lfw/Tony_Shalhoub/Tony_Shalhoub_0001.jpg,lfw/Tony_Shalhoub/Tony_Shalhoub_0004.jpg,1
lfw/Andrei_Nikolishin/Andrei_Nikolishin_0001.jpg,lfw/Jessica_Lynch/Jessica_Lynch_0001.jpg,0
lfw/Andy_Dick/Andy_Dick_0001.jpg,lfw/Linda_Lingle/Linda_Lingle_0001.jpg,0
lfw/Matt_LeBlanc/Matt_LeBlanc_0001.jpg,lfw/Stanley_Tong/Stanley_Tong_0001.jpg,0
lfw/Dick_Vermeil/Dick_Vermeil_0001.jpg,lfw/Dick_Vermeil/Dick_Vermeil_0002.jpg,1
lfw/Cheryl_Hines/Cheryl_Hines_0001.jpg,lfw/Hal_Gehman/Hal_Gehman_0003.jpg,0
lfw/Paula_Radcliffe/Paula_Radcliffe_0001.jpg,lfw/Theresa_May/Theresa_May_0002.jpg,0
lfw/Ann_Veneman/Ann_Veneman_0005.jpg,lfw/Ann_Veneman/Ann_Veneman_0011.jpg,1
lfw/Matt_Doherty/Matt_Doherty_0001.jpg,lfw/Matt_Doherty/Matt_Doherty_0002.jpg,1
lfw/Christine_Todd_Whitman/Christine_Todd_Whitman_0005.jpg,lfw/Christine_Todd_Whitman/Christine_Todd_Whitman_0006.jpg,1
lfw/Greg_Gilbert/Greg_Gilbert_0001.jpg,lfw/Greg_Gilbert/Greg_Gilbert_0002.jpg,1
lfw/Bulent_Ecevit/Bulent_Ecevit_0001.jpg,lfw/Lee_Yuan-tseh/Lee_Yuan-tseh_0001.jpg,0
lfw/Elena_Bereznaya/Elena_Bereznaya_0001.jpg,lfw/Queen_Beatrix/Queen_Beatrix_0003.jpg,0
lfw/Elizabeth_Taylor/Elizabeth_Taylor_0001.jpg,lfw/Nancy_Kerrigan/Nancy_Kerrigan_0001.jpg,0
lfw/Mickey_Loomis/Mickey_Loomis_0001.jpg,lfw/Philippe_Gagnon/Philippe_Gagnon_0001.jpg,0
lfw/Anne_Heche/Anne_Heche_0001.jpg,lfw/Kenneth_Dam/Kenneth_Dam_0001.jpg,0
lfw/Andrew_Jarecki/Andrew_Jarecki_0001.jpg,lfw/Mike_Myers/Mike_Myers_0003.jpg,0
lfw/Denis_Fassou-Nguesso/Denis_Fassou-Nguesso_0001.jpg,lfw/Tim_Floyd/Tim_Floyd_0002.jpg,0
lfw/Mike_Fisher/Mike_Fisher_0001.jpg,lfw/Oscar_Bolanos/Oscar_Bolanos_0001.jpg,0
lfw/Claudia_Schiffer/Claudia_Schiffer_0003.jpg,lfw/Marco_Antonio_Barrera/Marco_Antonio_Barrera_0002.jpg,0
lfw/Darla_Moore/Darla_Moore_0001.jpg,lfw/Hugh_Carey/Hugh_Carey_0001.jpg,0
lfw/Judi_Dench/Judi_Dench_0001.jpg,lfw/Judi_Dench/Judi_Dench_0002.jpg,1
lfw/Alan_Trammell/Alan_Trammell_0001.jpg,lfw/Lin_Yung_Hsi/Lin_Yung_Hsi_0001.jpg,0
lfw/Jim_Harrick/Jim_Harrick_0001.jpg,lfw/Jim_Harrick/Jim_Harrick_0002.jpg,1
lfw/Michael_Chertoff/Michael_Chertoff_0001.jpg,lfw/Ryan_Newman/Ryan_Newman_0001.jpg,0
lfw/Keith_Bishop_Jr/Keith_Bishop_Jr_0001.jpg,lfw/Wendy_Kennedy/Wendy_Kennedy_0001.jpg,0
lfw/Jeffrey_Donaldson/Jeffrey_Donaldson_0001.jpg,lfw/Nora_Ephron/Nora_Ephron_0001.jpg,0
lfw/Bobby_Kielty/Bobby_Kielty_0001.jpg,lfw/Mark_Salter/Mark_Salter_0001.jpg,0
lfw/Lee_Nam-shin/Lee_Nam-shin_0001.jpg,lfw/Nick_Nolte/Nick_Nolte_0001.jpg,0
lfw/Manuel_Rosendo/Manuel_Rosendo_0001.jpg,lfw/Takaloo/Takaloo_0001.jpg,0
lfw/Abdoulaye_Wade/Abdoulaye_Wade_0004.jpg,lfw/Linda_Dano/Linda_Dano_0001.jpg,0
lfw/Igor_Trunov/Igor_Trunov_0001.jpg,lfw/Vladimir_Voltchkov/Vladimir_Voltchkov_0002.jpg,0
lfw/Craig_OClair/Craig_OClair_0001.jpg,lfw/Eddie_Jordan/Eddie_Jordan_0001.jpg,0
lfw/Robert_Horan/Robert_Horan_0001.jpg,lfw/Robert_Horan/Robert_Horan_0002.jpg,1
lfw/James_Hakett/James_Hakett_0001.jpg,lfw/Leandro_Garcia/Leandro_Garcia_0001.jpg,0
lfw/Chris_Byrd/Chris_Byrd_0001.jpg,lfw/Chris_Byrd/Chris_Byrd_0002.jpg,1
lfw/Maria_Luisa_Mendonca/Maria_Luisa_Mendonca_0001.jpg,lfw/Terry_Hoeppner/Terry_Hoeppner_0001.jpg,0
lfw/Abner_Martinez/Abner_Martinez_0001.jpg,lfw/Andre_Techine/Andre_Techine_0001.jpg,0
lfw/Rick_Perry/Rick_Perry_0002.jpg,lfw/Rick_Perry/Rick_Perry_0006.jpg,1
lfw/Joe_Nichols/Joe_Nichols_0001.jpg,lfw/Joe_Nichols/Joe_Nichols_0003.jpg,1
lfw/Katie_Harman/Katie_Harman_0003.jpg,lfw/Lin_Yung_Hsi/Lin_Yung_Hsi_0001.jpg,0
lfw/Muhammad_Ali/Muhammad_Ali_0006.jpg,lfw/Muhammad_Ali/Muhammad_Ali_0009.jpg,1
lfw/Martha_Smith/Martha_Smith_0001.jpg,lfw/Ty_Votaw/Ty_Votaw_0001.jpg,0
lfw/Eddie_Lewis/Eddie_Lewis_0001.jpg,lfw/Richard_Fine/Richard_Fine_0001.jpg,0
lfw/Donna_Ralston/Donna_Ralston_0001.jpg,lfw/Lee_Nam-shin/Lee_Nam-shin_0001.jpg,0
lfw/David_Stern/David_Stern_0001.jpg,lfw/David_Stern/David_Stern_0004.jpg,1
lfw/Pierce_Brosnan/Pierce_Brosnan_0007.jpg,lfw/Pierce_Brosnan/Pierce_Brosnan_0008.jpg,1
lfw/James_Kelly/James_Kelly_0004.jpg,lfw/James_Kelly/James_Kelly_0011.jpg,1
lfw/Matthew_Broderick/Matthew_Broderick_0003.jpg,lfw/Matthew_Broderick/Matthew_Broderick_0004.jpg,1
lfw/Derrick_Rodgers/Derrick_Rodgers_0001.jpg,lfw/Young_Kim/Young_Kim_0001.jpg,0
lfw/Ty_Votaw/Ty_Votaw_0001.jpg,lfw/Wayne_Allard/Wayne_Allard_0001.jpg,0
lfw/Jeff_Bzdelik/Jeff_Bzdelik_0001.jpg,lfw/Tonino_Guerra/Tonino_Guerra_0001.jpg,0
lfw/Salma_Hayek/Salma_Hayek_0001.jpg,lfw/Salma_Hayek/Salma_Hayek_0007.jpg,1
lfw/Bruce_Springsteen/Bruce_Springsteen_0002.jpg,lfw/Shamai_Leibowitz/Shamai_Leibowitz_0001.jpg,0
lfw/Kostya_Tszyu/Kostya_Tszyu_0001.jpg,lfw/Pauline_Landers/Pauline_Landers_0001.jpg,0
lfw/Andrew_Bunner/Andrew_Bunner_0001.jpg,lfw/David_Obey/David_Obey_0001.jpg,0
lfw/Boris_Henry/Boris_Henry_0001.jpg,lfw/Richard_Branson/Richard_Branson_0002.jpg,0
lfw/Gary_Gitnick/Gary_Gitnick_0001.jpg,lfw/Kong_Quan/Kong_Quan_0001.jpg,0
lfw/Jorge_Alberto_Galindo/Jorge_Alberto_Galindo_0001.jpg,lfw/Omar_Sharif/Omar_Sharif_0002.jpg,0
lfw/Bono/Bono_0002.jpg,lfw/Bono/Bono_0003.jpg,1
lfw/Bernard_Giraudeau/Bernard_Giraudeau_0001.jpg,lfw/Eve_Ensler/Eve_Ensler_0001.jpg,0
lfw/Ozzy_Osbourne/Ozzy_Osbourne_0002.jpg,lfw/Ozzy_Osbourne/Ozzy_Osbourne_0003.jpg,1
lfw/Carlos_Manuel_Pruneda/Carlos_Manuel_Pruneda_0002.jpg,lfw/Carlos_Manuel_Pruneda/Carlos_Manuel_Pruneda_0003.jpg,1
lfw/Eileen_Spina/Eileen_Spina_0001.jpg,lfw/Jason_Statham/Jason_Statham_0001.jpg,0
lfw/Karen_Pereiras/Karen_Pereiras_0001.jpg,lfw/Peter_Arnett/Peter_Arnett_0002.jpg,0
lfw/Stanley_McChrystal/Stanley_McChrystal_0001.jpg,lfw/Tatjana_Gsell/Tatjana_Gsell_0001.jpg,0
lfw/Ian_Thorpe/Ian_Thorpe_0003.jpg,lfw/Ian_Thorpe/Ian_Thorpe_0010.jpg,1
lfw/Amanda_Bynes/Amanda_Bynes_0003.jpg,lfw/Amanda_Bynes/Amanda_Bynes_0004.jpg,1
lfw/Naomi_Campbell/Naomi_Campbell_0001.jpg,lfw/Naomi_Campbell/Naomi_Campbell_0002.jpg,1
lfw/Roberto_Cercelletta/Roberto_Cercelletta_0001.jpg,lfw/Scott_Hamilton/Scott_Hamilton_0001.jpg,0
lfw/Ashanti/Ashanti_0004.jpg,lfw/Tom_Lantos/Tom_Lantos_0001.jpg,0
lfw/Abel_Pacheco/Abel_Pacheco_0004.jpg,lfw/Lucio_Stanca/Lucio_Stanca_0001.jpg,0
lfw/Latrell_Sprewell/Latrell_Sprewell_0001.jpg,lfw/Latrell_Sprewell/Latrell_Sprewell_0002.jpg,1
lfw/Henry_Hyde/Henry_Hyde_0001.jpg,lfw/James_May/James_May_0001.jpg,0
lfw/Eduardo_Chillida/Eduardo_Chillida_0001.jpg,lfw/Luther_Htu/Luther_Htu_0001.jpg,0
lfw/Conan_OBrien/Conan_OBrien_0002.jpg,lfw/Crispin_Glover/Crispin_Glover_0001.jpg,0
lfw/Chip_Ganassi/Chip_Ganassi_0001.jpg,lfw/Lenny_Kravitz/Lenny_Kravitz_0001.jpg,0
lfw/Billy_Graham/Billy_Graham_0002.jpg,lfw/Jean_Nagel/Jean_Nagel_0001.jpg,0
lfw/Albert_Costa/Albert_Costa_0004.jpg,lfw/Albert_Costa/Albert_Costa_0006.jpg,1
lfw/Edwin_Edwards/Edwin_Edwards_0002.jpg,lfw/Edwin_Edwards/Edwin_Edwards_0003.jpg,1
lfw/Erin_Brockovich/Erin_Brockovich_0001.jpg,lfw/Takahiro_Mori/Takahiro_Mori_0001.jpg,0
lfw/Svetlana_Koroleva/Svetlana_Koroleva_0001.jpg,lfw/Svetlana_Koroleva/Svetlana_Koroleva_0002.jpg,1
lfw/LK_Advani/LK_Advani_0002.jpg,lfw/LK_Advani/LK_Advani_0003.jpg,1
lfw/Ahmed_Chalabi/Ahmed_Chalabi_0001.jpg,lfw/Gian_Marco/Gian_Marco_0003.jpg,0
lfw/Bob_Bowlsby/Bob_Bowlsby_0001.jpg,lfw/Tyler_Grillo/Tyler_Grillo_0001.jpg,0
lfw/Robert_Redford/Robert_Redford_0004.jpg,lfw/Robert_Redford/Robert_Redford_0007.jpg,1
lfw/Ian_Thorpe/Ian_Thorpe_0006.jpg,lfw/Ian_Thorpe/Ian_Thorpe_0008.jpg,1
lfw/Bijan_Namdar_Zangeneh/Bijan_Namdar_Zangeneh_0002.jpg,lfw/Inam-ul-Haq/Inam-ul-Haq_0001.jpg,0
lfw/Diego_Armando_Maradona/Diego_Armando_Maradona_0001.jpg,lfw/Lee_Chang-dong/Lee_Chang-dong_0001.jpg,0
lfw/Dave_Williams/Dave_Williams_0001.jpg,lfw/Dick_Posthumus/Dick_Posthumus_0001.jpg,0
lfw/Jake_Gyllenhaal/Jake_Gyllenhaal_0002.jpg,lfw/Jake_Gyllenhaal/Jake_Gyllenhaal_0004.jpg,1
lfw/Bruce_Arena/Bruce_Arena_0001.jpg,lfw/Robert_Wiener/Robert_Wiener_0001.jpg,0
lfw/Atsushi_Sato/Atsushi_Sato_0001.jpg,lfw/Zinedine_Zidane/Zinedine_Zidane_0005.jpg,0
lfw/Bill_Nelson/Bill_Nelson_0002.jpg,lfw/Roberto_Tovar/Roberto_Tovar_0001.jpg,0
lfw/Cindy_Moll/Cindy_Moll_0001.jpg,lfw/Gregorio_Rosal/Gregorio_Rosal_0001.jpg,0
lfw/Mark_Hurlbert/Mark_Hurlbert_0004.jpg,lfw/Todd_MacCulloch/Todd_MacCulloch_0001.jpg,0
lfw/Brandon_Hammond/Brandon_Hammond_0001.jpg,lfw/Kurt_Thomas/Kurt_Thomas_0001.jpg,0
lfw/Alberto_Gonzales/Alberto_Gonzales_0001.jpg,lfw/Li_Changchun/Li_Changchun_0001.jpg,0
lfw/Jim_Hardin/Jim_Hardin_0001.jpg,lfw/Peter_Chan/Peter_Chan_0001.jpg,0
lfw/Michael_Hagee/Michael_Hagee_0001.jpg,lfw/Rick_Lu/Rick_Lu_0001.jpg,0
lfw/Cindy_Zagorski/Cindy_Zagorski_0001.jpg,lfw/Farouk_al-Sharaa/Farouk_al-Sharaa_0002.jpg,0
lfw/Gabi_Zimmer/Gabi_Zimmer_0001.jpg,lfw/John_Lisowski/John_Lisowski_0001.jpg,0
lfw/Brian_Grazier/Brian_Grazier_0001.jpg,lfw/Robbie_Williams/Robbie_Williams_0001.jpg,0
lfw/William_Rehnquist/William_Rehnquist_0001.jpg,lfw/William_Rehnquist/William_Rehnquist_0002.jpg,1
lfw/Sheila_Wellstone/Sheila_Wellstone_0001.jpg,lfw/Sheila_Wellstone/Sheila_Wellstone_0002.jpg,1
lfw/Leland_Chapman/Leland_Chapman_0001.jpg,lfw/Valorie_Brabazon/Valorie_Brabazon_0001.jpg,0
lfw/Erik_Morales/Erik_Morales_0001.jpg,lfw/Erik_Morales/Erik_Morales_0003.jpg,1
lfw/Benjamin_Martinez/Benjamin_Martinez_0001.jpg,lfw/Michael_Leavitt/Michael_Leavitt_0001.jpg,0
lfw/Prince_Naruhito/Prince_Naruhito_0002.jpg,lfw/Princess_Elisabeth/Princess_Elisabeth_0002.jpg,0
lfw/Salma_Hayek/Salma_Hayek_0008.jpg,lfw/Salma_Hayek/Salma_Hayek_0010.jpg,1
lfw/Dick_Smothers/Dick_Smothers_0001.jpg,lfw/John_Cornyn/John_Cornyn_0001.jpg,0
lfw/Rudi_Voeller/Rudi_Voeller_0001.jpg,lfw/Tim_Lobinger/Tim_Lobinger_0001.jpg,0
lfw/Isabella_Rossellini/Isabella_Rossellini_0001.jpg,lfw/Isabella_Rossellini/Isabella_Rossellini_0002.jpg,1
lfw/Antonio_Trillanes/Antonio_Trillanes_0001.jpg,lfw/Antonio_Trillanes/Antonio_Trillanes_0002.jpg,1
lfw/Jacques_Chirac/Jacques_Chirac_0030.jpg,lfw/Jacques_Chirac/Jacques_Chirac_0033.jpg,1
lfw/Kate_Burton/Kate_Burton_0001.jpg,lfw/Vin_Diesel/Vin_Diesel_0002.jpg,0
lfw/Gordon_Campbell/Gordon_Campbell_0001.jpg,lfw/Gordon_Campbell/Gordon_Campbell_0002.jpg,1
lfw/Michael_Diekmann/Michael_Diekmann_0001.jpg,lfw/Qian_Qichen/Qian_Qichen_0001.jpg,0
lfw/Halle_Berry/Halle_Berry_0014.jpg,lfw/Mike_Holmgren/Mike_Holmgren_0001.jpg,0
lfw/Carlos_Ruiz/Carlos_Ruiz_0001.jpg,lfw/Kelvin_Sampson/Kelvin_Sampson_0002.jpg,0
lfw/Craig_Wilson/Craig_Wilson_0001.jpg,lfw/Warren_Granados/Warren_Granados_0001.jpg,0
lfw/Nick_Nolte/Nick_Nolte_0003.jpg,lfw/Steven_Briggs/Steven_Briggs_0001.jpg,0
lfw/Paulo_Cesar_Pinheiro/Paulo_Cesar_Pinheiro_0001.jpg,lfw/Zhu_Rongji/Zhu_Rongji_0005.jpg,0
lfw/Albert_Costa/Albert_Costa_0005.jpg,lfw/Albert_Costa/Albert_Costa_0006.jpg,1
lfw/Kamal_Kharrazi/Kamal_Kharrazi_0003.jpg,lfw/Kamal_Kharrazi/Kamal_Kharrazi_0005.jpg,1
lfw/Rashid_Qureshi/Rashid_Qureshi_0001.jpg,lfw/Ray_Young/Ray_Young_0001.jpg,0
lfw/Anders_Fogh_Rasmussen/Anders_Fogh_Rasmussen_0004.jpg,lfw/Paula_Dobriansky/Paula_Dobriansky_0001.jpg,0
lfw/Emmit_Smith/Emmit_Smith_0002.jpg,lfw/Namuddu_Florence/Namuddu_Florence_0001.jpg,0
lfw/Arlen_Specter/Arlen_Specter_0001.jpg,lfw/Arlen_Specter/Arlen_Specter_0003.jpg,1
lfw/Albert_Brooks/Albert_Brooks_0001.jpg,lfw/Jim_Hendry/Jim_Hendry_0001.jpg,0
lfw/Dave_McNally/Dave_McNally_0001.jpg,lfw/John_Daly_Jr/John_Daly_Jr_0001.jpg,0
lfw/Gilberto_Rodriguez_Orejuela/Gilberto_Rodriguez_Orejuela_0003.jpg,lfw/Gilberto_Rodriguez_Orejuela/Gilberto_Rodriguez_Orejuela_0004.jpg,1
lfw/Abner_Martinez/Abner_Martinez_0001.jpg,lfw/Aidan_Quinn/Aidan_Quinn_0001.jpg,0
lfw/Alicia_Silverstone/Alicia_Silverstone_0001.jpg,lfw/Michael_Doleac/Michael_Doleac_0001.jpg,0
lfw/Maureen_Fanning/Maureen_Fanning_0001.jpg,lfw/Paul_Tagliabue/Paul_Tagliabue_0001.jpg,0
lfw/Benedita_da_Silva/Benedita_da_Silva_0001.jpg,lfw/Yao_Ming/Yao_Ming_0006.jpg,0
lfw/Jelena_Dokic/Jelena_Dokic_0002.jpg,lfw/Ralph_Fiennes/Ralph_Fiennes_0001.jpg,0
lfw/Ana_Guevara/Ana_Guevara_0001.jpg,lfw/Michelangelo_Antonioni/Michelangelo_Antonioni_0001.jpg,0
lfw/Barrett_Jackman/Barrett_Jackman_0001.jpg,lfw/Maureen_Kanka/Maureen_Kanka_0001.jpg,0
lfw/Bob_Wright/Bob_Wright_0001.jpg,lfw/Margaret_Thatcher/Margaret_Thatcher_0001.jpg,0
lfw/Dominique_de_Villepin/Dominique_de_Villepin_0007.jpg,lfw/Dominique_de_Villepin/Dominique_de_Villepin_0011.jpg,1
lfw/Kimberly_Bruckner/Kimberly_Bruckner_0001.jpg,lfw/Natasha_McElhone/Natasha_McElhone_0002.jpg,0
lfw/Christian_Longo/Christian_Longo_0002.jpg,lfw/Christian_Longo/Christian_Longo_0003.jpg,1
lfw/Masum_Turker/Masum_Turker_0001.jpg,lfw/Masum_Turker/Masum_Turker_0002.jpg,1
lfw/Maria_Luisa_Mendonca/Maria_Luisa_Mendonca_0001.jpg,lfw/Tim_Lobinger/Tim_Lobinger_0001.jpg,0
lfw/John_Taylor/John_Taylor_0002.jpg,lfw/Sepp_Blatter/Sepp_Blatter_0003.jpg,0
lfw/Hermes_Gamonal/Hermes_Gamonal_0001.jpg,lfw/Sue_Wicks/Sue_Wicks_0001.jpg,0
lfw/Sandy_Smith/Sandy_Smith_0001.jpg,lfw/Susan_Walvius/Susan_Walvius_0001.jpg,0
lfw/Gus_Van_Sant/Gus_Van_Sant_0001.jpg,lfw/Gus_Van_Sant/Gus_Van_Sant_0002.jpg,1
lfw/Lope_Mendoza/Lope_Mendoza_0001.jpg,lfw/Roy_Halladay/Roy_Halladay_0001.jpg,0
lfw/Curtis_Rodriguez/Curtis_Rodriguez_0001.jpg,lfw/Gary_Sinise/Gary_Sinise_0001.jpg,0
lfw/Eli_Stutsman/Eli_Stutsman_0001.jpg,lfw/Gerald_Fitch/Gerald_Fitch_0001.jpg,0
lfw/Gwyneth_Paltrow/Gwyneth_Paltrow_0004.jpg,lfw/Gwyneth_Paltrow/Gwyneth_Paltrow_0005.jpg,1
lfw/Jo_Dee_Messina/Jo_Dee_Messina_0001.jpg,lfw/Jon_Stewart/Jon_Stewart_0001.jpg,0
lfw/Marisol_Breton/Marisol_Breton_0001.jpg,lfw/Will_Young/Will_Young_0001.jpg,0
lfw/Billy_Crystal/Billy_Crystal_0004.jpg,lfw/Shafal_Mosed/Shafal_Mosed_0001.jpg,0
lfw/James_Kopp/James_Kopp_0001.jpg,lfw/James_Kopp/James_Kopp_0003.jpg,1
lfw/Leslie_Moonves/Leslie_Moonves_0001.jpg,lfw/Leslie_Moonves/Leslie_Moonves_0002.jpg,1
lfw/Alejandro_Toledo/Alejandro_Toledo_0024.jpg,lfw/Dianne_Feinstein/Dianne_Feinstein_0002.jpg,0
lfw/Clifford_Robinson/Clifford_Robinson_0001.jpg,lfw/Tom_Schnackenberg/Tom_Schnackenberg_0001.jpg,0
lfw/Lisa_Stone/Lisa_Stone_0001.jpg,lfw/Todd_Reid/Todd_Reid_0001.jpg,0
lfw/Diana_Silvius/Diana_Silvius_0001.jpg,lfw/Robert_Pollack/Robert_Pollack_0001.jpg,0
lfw/Aldo_Paredes/Aldo_Paredes_0001.jpg,lfw/Azmi_Bishara/Azmi_Bishara_0001.jpg,0
lfw/Steve_Lavin/Steve_Lavin_0001.jpg,lfw/Steve_Lavin/Steve_Lavin_0004.jpg,1
lfw/Donald_Hays/Donald_Hays_0001.jpg,lfw/Jennifer_Gratz/Jennifer_Gratz_0001.jpg,0
lfw/Christopher_Reeve/Christopher_Reeve_0001.jpg,lfw/Christopher_Reeve/Christopher_Reeve_0004.jpg,1
lfw/Robby_Ginepri/Robby_Ginepri_0001.jpg,lfw/Robby_Ginepri/Robby_Ginepri_0002.jpg,1
lfw/Kristin_Davis/Kristin_Davis_0001.jpg,lfw/Kristin_Davis/Kristin_Davis_0002.jpg,1
lfw/Alex_King/Alex_King_0001.jpg,lfw/Dennis_Erickson/Dennis_Erickson_0001.jpg,0
lfw/Denzel_Washington/Denzel_Washington_0001.jpg,lfw/Denzel_Washington/Denzel_Washington_0003.jpg,1
lfw/Heinrich_Wolfgang/Heinrich_Wolfgang_0001.jpg,lfw/Mike_Fisher/Mike_Fisher_0001.jpg,0
lfw/Boris_Berezovsky/Boris_Berezovsky_0001.jpg,lfw/David_Nalbandian/David_Nalbandian_0013.jpg,0
lfw/Antonio_Trillanes/Antonio_Trillanes_0002.jpg,lfw/Antonio_Trillanes/Antonio_Trillanes_0003.jpg,1
lfw/Gustavo_Terrazas/Gustavo_Terrazas_0001.jpg,lfw/John_Starks/John_Starks_0001.jpg,0
lfw/Trisha_Meili/Trisha_Meili_0001.jpg,lfw/Vladimiro_Montesinos/Vladimiro_Montesinos_0003.jpg,0
lfw/Tim_Curry/Tim_Curry_0001.jpg,lfw/Tim_Curry/Tim_Curry_0002.jpg,1
lfw/Jason_Bentley/Jason_Bentley_0001.jpg,lfw/Steven_Kinlock/Steven_Kinlock_0001.jpg,0
lfw/Barry_Ford/Barry_Ford_0001.jpg,lfw/Michael_Bloomberg/Michael_Bloomberg_0018.jpg,0
lfw/Greg_Rusedski/Greg_Rusedski_0004.jpg,lfw/Yoko_Ono/Yoko_Ono_0004.jpg,0
lfw/Nadia_Forte/Nadia_Forte_0001.jpg,lfw/Toni_Jennings/Toni_Jennings_0001.jpg,0
lfw/Michael_Caine/Michael_Caine_0001.jpg,lfw/Tom_Watson/Tom_Watson_0001.jpg,0
lfw/Lucio_Cecchinello/Lucio_Cecchinello_0001.jpg,lfw/Strom_Thurmond/Strom_Thurmond_0001.jpg,0
lfw/Hushiar_Zebari/Hushiar_Zebari_0001.jpg,lfw/Morgan_Fairchild/Morgan_Fairchild_0001.jpg,0
lfw/Mike_Bair/Mike_Bair_0001.jpg,lfw/Timothy_Wirth/Timothy_Wirth_0001.jpg,0
lfw/Anthony_Scott_Miller/Anthony_Scott_Miller_0001.jpg,lfw/Helen_Clark/Helen_Clark_0002.jpg,0
lfw/Brendan_Stai/Brendan_Stai_0001.jpg,lfw/Justin_Marshall/Justin_Marshall_0001.jpg,0
lfw/Ray_Halbritter/Ray_Halbritter_0001.jpg,lfw/Xanana_Gusmao/Xanana_Gusmao_0003.jpg,0
lfw/Amelie_Mauresmo/Amelie_Mauresmo_0004.jpg,lfw/Amelie_Mauresmo/Amelie_Mauresmo_0011.jpg,1
lfw/Daniel_Rouse/Daniel_Rouse_0001.jpg,lfw/Tono_Suratman/Tono_Suratman_0001.jpg,0
lfw/Lin_Yung_Hsi/Lin_Yung_Hsi_0001.jpg,lfw/Patricia_Johnson/Patricia_Johnson_0001.jpg,0
lfw/Danny_Ainge/Danny_Ainge_0001.jpg,lfw/Sanjay_Gupta/Sanjay_Gupta_0001.jpg,0
lfw/Liza_Minnelli/Liza_Minnelli_0001.jpg,lfw/Liza_Minnelli/Liza_Minnelli_0003.jpg,1
lfw/SJ_Twu/SJ_Twu_0001.jpg,lfw/Sachin_Tendulkar/Sachin_Tendulkar_0001.jpg,0
lfw/Lawrence_Vito/Lawrence_Vito_0001.jpg,lfw/Sanjay_Chawla/Sanjay_Chawla_0001.jpg,0
lfw/Feliciano_Lopez/Feliciano_Lopez_0001.jpg,lfw/Lynne_Cheney/Lynne_Cheney_0001.jpg,0
lfw/Tom_Cruise/Tom_Cruise_0004.jpg,lfw/Tom_Cruise/Tom_Cruise_0009.jpg,1
lfw/Doug_Collins/Doug_Collins_0001.jpg,lfw/Doug_Collins/Doug_Collins_0002.jpg,1
lfw/Michael_Kors/Michael_Kors_0001.jpg,lfw/Nate_Hybl/Nate_Hybl_0001.jpg,0
lfw/Russell_Crowe/Russell_Crowe_0001.jpg,lfw/Russell_Crowe/Russell_Crowe_0002.jpg,1
lfw/Ben_Howland/Ben_Howland_0001.jpg,lfw/Filippo_Volandri/Filippo_Volandri_0001.jpg,0
lfw/Natalia_Vodonova/Natalia_Vodonova_0001.jpg,lfw/Russell_Simmons/Russell_Simmons_0004.jpg,0
lfw/Carolina_Kluft/Carolina_Kluft_0001.jpg,lfw/William_Bratton/William_Bratton_0002.jpg,0
lfw/Leonid_Kuchma/Leonid_Kuchma_0004.jpg,lfw/Leonid_Kuchma/Leonid_Kuchma_0006.jpg,1
lfw/Hatsui_Hasuike/Hatsui_Hasuike_0001.jpg,lfw/Kim_Dae-jung/Kim_Dae-jung_0004.jpg,0
lfw/Ray_Halbritter/Ray_Halbritter_0001.jpg,lfw/Zara_Akhmadova/Zara_Akhmadova_0001.jpg,0
lfw/Anne_Krueger/Anne_Krueger_0002.jpg,lfw/Anne_Krueger/Anne_Krueger_0003.jpg,1
lfw/Amy_Redford/Amy_Redford_0001.jpg,lfw/Guillaume_Depardieu/Guillaume_Depardieu_0001.jpg,0
lfw/Natalie_Coughlin/Natalie_Coughlin_0001.jpg,lfw/Natalie_Coughlin/Natalie_Coughlin_0002.jpg,1
lfw/John_Stallworth/John_Stallworth_0001.jpg,lfw/John_Stallworth/John_Stallworth_0002.jpg,1
lfw/Jack_Valenti/Jack_Valenti_0001.jpg,lfw/Jaouad_Gharib/Jaouad_Gharib_0001.jpg,0
lfw/Ricardo_Maduro/Ricardo_Maduro_0001.jpg,lfw/Ricardo_Maduro/Ricardo_Maduro_0002.jpg,1
lfw/Eglis_Yaima_Cruz/Eglis_Yaima_Cruz_0001.jpg,lfw/Steve_Spurrier/Steve_Spurrier_0002.jpg,0
lfw/Brooke_Gordon/Brooke_Gordon_0001.jpg,lfw/Hushiar_Zebari/Hushiar_Zebari_0001.jpg,0
lfw/Hassan_Wirajuda/Hassan_Wirajuda_0001.jpg,lfw/Hassan_Wirajuda/Hassan_Wirajuda_0002.jpg,1
lfw/Allyson_Felix/Allyson_Felix_0002.jpg,lfw/Allyson_Felix/Allyson_Felix_0005.jpg,1
lfw/Bernardo_Segura/Bernardo_Segura_0002.jpg,lfw/Park_Jung_Sung/Park_Jung_Sung_0001.jpg,0
lfw/Abel_Pacheco/Abel_Pacheco_0001.jpg,lfw/Matt_Roney/Matt_Roney_0001.jpg,0
lfw/Andrea_Bocelli/Andrea_Bocelli_0001.jpg,lfw/Glenn_Plummer/Glenn_Plummer_0001.jpg,0
lfw/Wendy_Kennedy/Wendy_Kennedy_0001.jpg,lfw/Zara_Akhmadova/Zara_Akhmadova_0001.jpg,0
lfw/Juan_Jose_Lucas/Juan_Jose_Lucas_0001.jpg,lfw/Nathalia_Gillot/Nathalia_Gillot_0001.jpg,0
lfw/King_Abdullah_II/King_Abdullah_II_0001.jpg,lfw/King_Abdullah_II/King_Abdullah_II_0002.jpg,1
lfw/Fernando_Sanz/Fernando_Sanz_0001.jpg,lfw/Ted_Turner/Ted_Turner_0001.jpg,0
lfw/Kwon_Young-gil/Kwon_Young-gil_0001.jpg,lfw/Mark_Rosenbaum/Mark_Rosenbaum_0001.jpg,0
lfw/Jose_Serra/Jose_Serra_0005.jpg,lfw/Wally_Szczerbiak/Wally_Szczerbiak_0001.jpg,0
lfw/Jim_Taylor/Jim_Taylor_0001.jpg,lfw/Ralph_Nader/Ralph_Nader_0001.jpg,0
lfw/Cheryl_James/Cheryl_James_0001.jpg,lfw/Cristiano_da_Matta/Cristiano_da_Matta_0001.jpg,0
lfw/Erika_Christensen/Erika_Christensen_0001.jpg,lfw/Erika_Christensen/Erika_Christensen_0002.jpg,1
lfw/Lucy_Liu/Lucy_Liu_0002.jpg,lfw/Lucy_Liu/Lucy_Liu_0004.jpg,1
lfw/Herb_Ritts/Herb_Ritts_0001.jpg,lfw/Larry_Johnson/Larry_Johnson_0001.jpg,0
lfw/Simona_Hradil/Simona_Hradil_0001.jpg,lfw/Ted_Washington/Ted_Washington_0001.jpg,0
lfw/Amy_Smart/Amy_Smart_0001.jpg,lfw/Cole_Chapman/Cole_Chapman_0001.jpg,0
lfw/Annette_Lu/Annette_Lu_0001.jpg,lfw/Annette_Lu/Annette_Lu_0002.jpg,1
lfw/Juliette_Binoche/Juliette_Binoche_0001.jpg,lfw/Venus_Williams/Venus_Williams_0001.jpg,0
lfw/Joseph_Hoy/Joseph_Hoy_0001.jpg,lfw/Mark_Schweiker/Mark_Schweiker_0002.jpg,0
lfw/Lawrence_Foley/Lawrence_Foley_0001.jpg,lfw/Omar_Vizquel/Omar_Vizquel_0001.jpg,0
lfw/Didier_Defago/Didier_Defago_0001.jpg,lfw/Rani_Mukherjee/Rani_Mukherjee_0001.jpg,0
lfw/Chris_Columbus/Chris_Columbus_0001.jpg,lfw/Patricia_Garone/Patricia_Garone_0001.jpg,0
lfw/Jeffrey_Archer/Jeffrey_Archer_0002.jpg,lfw/Yusuf_Misbac/Yusuf_Misbac_0001.jpg,0
lfw/Beatriz_Merino/Beatriz_Merino_0001.jpg,lfw/Mikhail_Kalashnikov/Mikhail_Kalashnikov_0001.jpg,0
lfw/Chan_Choi/Chan_Choi_0001.jpg,lfw/Jayson_Williams/Jayson_Williams_0003.jpg,0
lfw/Silvio_Berlusconi/Silvio_Berlusconi_0014.jpg,lfw/Silvio_Berlusconi/Silvio_Berlusconi_0023.jpg,1
lfw/Nora_Ephron/Nora_Ephron_0001.jpg,lfw/Roel_Campos/Roel_Campos_0001.jpg,0
lfw/Fred_Thompson/Fred_Thompson_0002.jpg,lfw/Zeng_Qinghong/Zeng_Qinghong_0001.jpg,0
lfw/Albert_Brooks/Albert_Brooks_0001.jpg,lfw/Alexander_Downer/Alexander_Downer_0001.jpg,0
lfw/Marieta_Chrousala/Marieta_Chrousala_0001.jpg,lfw/Marieta_Chrousala/Marieta_Chrousala_0003.jpg,1
lfw/Laura_Schlessinger/Laura_Schlessinger_0001.jpg,lfw/Zahir_Shah/Zahir_Shah_0001.jpg,0
lfw/Nan_Wang/Nan_Wang_0004.jpg,lfw/Penny_Dupuie/Penny_Dupuie_0001.jpg,0
lfw/Amanda_Bynes/Amanda_Bynes_0001.jpg,lfw/Amanda_Bynes/Amanda_Bynes_0003.jpg,1
lfw/Paul_Murphy/Paul_Murphy_0001.jpg,lfw/Samantha_Daniels/Samantha_Daniels_0001.jpg,0
lfw/Francis_Mer/Francis_Mer_0001.jpg,lfw/Perri_Shaw/Perri_Shaw_0001.jpg,0
lfw/Jean-Sebastien_Giguere/Jean-Sebastien_Giguere_0002.jpg,lfw/Rhina_Villatoro/Rhina_Villatoro_0001.jpg,0
lfw/Art_Hoffmann/Art_Hoffmann_0002.jpg,lfw/Timothy_Coughlin/Timothy_Coughlin_0001.jpg,0
lfw/Chris_Crocker/Chris_Crocker_0001.jpg,lfw/Zafarullah_Khan_Jamali/Zafarullah_Khan_Jamali_0001.jpg,0
lfw/Joe_Mantello/Joe_Mantello_0001.jpg,lfw/Joe_Mantello/Joe_Mantello_0002.jpg,1
lfw/Habib_Rizieq/Habib_Rizieq_0001.jpg,lfw/Silvie_Cabero/Silvie_Cabero_0001.jpg,0
lfw/John_Anderson/John_Anderson_0001.jpg,lfw/Thomas_Weston/Thomas_Weston_0001.jpg,0
lfw/Jakob_Kellenberger/Jakob_Kellenberger_0001.jpg,lfw/Kiki_Vandeweghe/Kiki_Vandeweghe_0001.jpg,0
lfw/Hans_Blix/Hans_Blix_0022.jpg,lfw/Saeed_Mortazavi/Saeed_Mortazavi_0001.jpg,0
lfw/Luis_Horna/Luis_Horna_0002.jpg,lfw/Luis_Horna/Luis_Horna_0005.jpg,1
lfw/Kimberly_Stewart/Kimberly_Stewart_0001.jpg,lfw/Lee_Yeo-jin/Lee_Yeo-jin_0001.jpg,0
lfw/Christian_Malcolm/Christian_Malcolm_0001.jpg,lfw/Pat_Rochester/Pat_Rochester_0001.jpg,0
lfw/Jennifer_Keller/Jennifer_Keller_0002.jpg,lfw/Jennifer_Keller/Jennifer_Keller_0004.jpg,1
lfw/George_Ryan/George_Ryan_0004.jpg,lfw/Mitzi_Gaynor/Mitzi_Gaynor_0001.jpg,0
lfw/Kent_McCord/Kent_McCord_0001.jpg,lfw/Marion_Barry/Marion_Barry_0001.jpg,0
lfw/Bob_Alper/Bob_Alper_0001.jpg,lfw/Chris_Reitsma/Chris_Reitsma_0001.jpg,0
lfw/Leonid_Kuchma/Leonid_Kuchma_0002.jpg,lfw/Leonid_Kuchma/Leonid_Kuchma_0003.jpg,1
lfw/Enrique_Iglesias/Enrique_Iglesias_0001.jpg,lfw/Marion_Fahnestock/Marion_Fahnestock_0001.jpg,0
lfw/George_Allen/George_Allen_0001.jpg,lfw/Pedro_Duque/Pedro_Duque_0001.jpg,0
