image1,image2,label
lfw/Bart_Hendricks/Bart_Hendricks_0001.jpg,lfw/Des_Brown/Des_Brown_0001.jpg,0
lfw/Hank_Stram/Hank_Stram_0001.jpg,lfw/Rudolph_Holton/Rudolph_Holton_0001.jpg,0
lfw/Jeff_Weaver/Jeff_Weaver_0001.jpg,lfw/Luciano_Bovicelli/Luciano_Bovicelli_0001.jpg,0
lfw/Bertie_Ahern/Bertie_Ahern_0002.jpg,lfw/Bertie_Ahern/Bertie_Ahern_0003.jpg,1
lfw/Dianne_Feinstein/Dianne_Feinstein_0001.jpg,lfw/Dolly_Parton/Dolly_Parton_0001.jpg,0
lfw/David_Duke/David_Duke_0001.jpg,lfw/Micky_Arison/Micky_Arison_0001.jpg,0
lfw/Bettina_Rheims/Bettina_Rheims_0001.jpg,lfw/Stephen_Covey/Stephen_Covey_0001.jpg,0
lfw/James_Butts/James_Butts_0001.jpg,lfw/James_Butts/James_Butts_0002.jpg,1
lfw/Charles_Lebois/Charles_Lebois_0001.jpg,lfw/Yingfan_Wang/Yingfan_Wang_0001.jpg,0
lfw/Gerry_Adams/Gerry_Adams_0003.jpg,lfw/Gerry_Adams/Gerry_Adams_0007.jpg,1
lfw/Marlene_Weingartner/Marlene_Weingartner_0001.jpg,lfw/Steve_Avery/Steve_Avery_0001.jpg,0
lfw/Mike_Gable/Mike_Gable_0001.jpg,lfw/Sharon_Osbourne/Sharon_Osbourne_0001.jpg,0
lfw/Asif_Hanif/Asif_Hanif_0001.jpg,lfw/John_Connolly/John_Connolly_0001.jpg,0
lfw/Deniz_Baykal/Deniz_Baykal_0001.jpg,lfw/Martin_Hoellwarth/Martin_Hoellwarth_0001.jpg,0
lfw/Dita_Von_Tesse/Dita_Von_Tesse_0001.jpg,lfw/Olesya_Bonabarenko/Olesya_Bonabarenko_0002.jpg,0
lfw/John_Bolton/John_Bolton_0005.jpg,lfw/John_Bolton/John_Bolton_0013.jpg,1
lfw/King_Abdullah_II/King_Abdullah_II_0002.jpg,lfw/King_Abdullah_II/King_Abdullah_II_0003.jpg,1
lfw/Javier_Weber/Javier_Weber_0001.jpg,lfw/Javier_Weber/Javier_Weber_0002.jpg,1
lfw/Michelle_Branch/Michelle_Branch_0002.jpg,lfw/Ricardo_Lopez_Murphy/Ricardo_Lopez_Murphy_0002.jpg,0
lfw/Zoran_Djindjic/Zoran_Djindjic_0003.jpg,lfw/Zoran_Djindjic/Zoran_Djindjic_0004.jpg,1
lfw/Dick_Smothers/Dick_Smothers_0001.jpg,lfw/Lesley_Flood/Lesley_Flood_0001.jpg,0
lfw/Isabelle_Huppert/Isabelle_Huppert_0001.jpg,lfw/Isabelle_Huppert/Isabelle_Huppert_0002.jpg,1
lfw/Stanley_McChrystal/Stanley_McChrystal_0002.jpg,lfw/Surya_Bahadur_Thapa/Surya_Bahadur_Thapa_0001.jpg,0
lfw/Amanda_Bynes/Amanda_Bynes_0001.jpg,lfw/Amanda_Bynes/Amanda_Bynes_0004.jpg,1
lfw/Amanda_Beard/Amanda_Beard_0002.jpg,lfw/Nancy_Greenlaw/Nancy_Greenlaw_0001.jpg,0
lfw/Alberto_Acosta/Alberto_Acosta_0001.jpg,lfw/Manuel_Rosendo/Manuel_Rosendo_0001.jpg,0
lfw/Basdeo_Panday/Basdeo_Panday_0001.jpg,lfw/Maggie_Smith/Maggie_Smith_0001.jpg,0
lfw/John_Wright/John_Wright_0001.jpg,lfw/Rafeeuddin_Ahmed/Rafeeuddin_Ahmed_0001.jpg,0
lfw/Barry_Bonds/Barry_Bonds_0001.jpg,lfw/Michael_Rolinee/Michael_Rolinee_0001.jpg,0
lfw/Cathryn_Crawford/Cathryn_Crawford_0001.jpg,lfw/Kathryn_Grayson/Kathryn_Grayson_0001.jpg,0
lfw/Carla_Del_Ponte/Carla_Del_Ponte_0002.jpg,lfw/Carla_Del_Ponte/Carla_Del_Ponte_0004.jpg,1
lfw/Jimmy_Jimenez/Jimmy_Jimenez_0001.jpg,lfw/Juan_Francisco_Palencia/Juan_Francisco_Palencia_0001.jpg,0
lfw/Gloria_Macapagal_Arroyo/Gloria_Macapagal_Arroyo_0034.jpg,lfw/Takaloo/Takaloo_0001.jpg,0
lfw/Buzz_Hargrove/Buzz_Hargrove_0001.jpg,lfw/Tom_Crean/Tom_Crean_0005.jpg,0
lfw/Laurent_Jalabert/Laurent_Jalabert_0001.jpg,lfw/Laurent_Jalabert/Laurent_Jalabert_0002.jpg,1
lfw/Dave_Williams/Dave_Williams_0001.jpg,lfw/Robin_McLaurin_Williams/Robin_McLaurin_Williams_0002.jpg,0
lfw/Khin_Nyunt/Khin_Nyunt_0001.jpg,lfw/Raoul_Ruiz/Raoul_Ruiz_0003.jpg,0
lfw/Nasser_al-Kidwa/Nasser_al-Kidwa_0001.jpg,lfw/Nasser_al-Kidwa/Nasser_al-Kidwa_0002.jpg,1
lfw/Bob_Wright/Bob_Wright_0001.jpg,lfw/Eriko_Tamura/Eriko_Tamura_0001.jpg,0
lfw/Clive_Woodward/Clive_Woodward_0001.jpg,lfw/Yasar_Yakis/Yasar_Yakis_0003.jpg,0
lfw/Abdullah_Nasseef/Abdullah_Nasseef_0001.jpg,lfw/Hipolito_Mejia/Hipolito_Mejia_0003.jpg,0
lfw/Clara_Harris/Clara_Harris_0001.jpg,lfw/Ekke_Hard_Forberg/Ekke_Hard_Forberg_0001.jpg,0
lfw/Mel_Karmazin/Mel_Karmazin_0001.jpg,lfw/Vaclav_Klaus/Vaclav_Klaus_0002.jpg,0
lfw/Augustin_Calleri/Augustin_Calleri_0001.jpg,lfw/Augustin_Calleri/Augustin_Calleri_0003.jpg,1
lfw/Minnie_Mendoza/Minnie_Mendoza_0001.jpg,lfw/Sherri_Coale/Sherri_Coale_0001.jpg,0
lfw/Anthony_Mazur/Anthony_Mazur_0001.jpg,lfw/Jose_Santos/Jose_Santos_0001.jpg,0
lfw/Patti_Labelle/Patti_Labelle_0001.jpg,lfw/Patti_Labelle/Patti_Labelle_0002.jpg,1
lfw/Andrew_Cuomo/Andrew_Cuomo_0002.jpg,lfw/Jean-Rene_Fourtou/Jean-Rene_Fourtou_0001.jpg,0
lfw/Carlos_Vives/Carlos_Vives_0001.jpg,lfw/Piers_Sellers/Piers_Sellers_0001.jpg,0
lfw/Ali_Hammoud/Ali_Hammoud_0001.jpg,lfw/Geoffrey_Rush/Geoffrey_Rush_0001.jpg,0
lfw/Lynn_Abraham/Lynn_Abraham_0001.jpg,lfw/Lynn_Abraham/Lynn_Abraham_0002.jpg,1
lfw/William_Macy/William_Macy_0003.jpg,lfw/William_Macy/William_Macy_0005.jpg,1
lfw/Adolfo_Aguilar_Zinser/Adolfo_Aguilar_Zinser_0003.jpg,lfw/Soon_Yi/Soon_Yi_0001.jpg,0
lfw/Costas_Simitis/Costas_Simitis_0001.jpg,lfw/Richard_Perle/Richard_Perle_0001.jpg,0
lfw/BJ_Habibie/BJ_Habibie_0001.jpg,lfw/Daniel_Chin/Daniel_Chin_0001.jpg,0
lfw/Chung_Mong-hun/Chung_Mong-hun_0001.jpg,lfw/Ronald_Perelman/Ronald_Perelman_0001.jpg,0
lfw/Bill_OReilly/Bill_OReilly_0001.jpg,lfw/Kathryn_Bigelow/Kathryn_Bigelow_0001.jpg,0
lfw/Paul_Martin/Paul_Martin_0002.jpg,lfw/Paul_Martin/Paul_Martin_0004.jpg,1
lfw/Alex_Holmes/Alex_Holmes_0001.jpg,lfw/Muhammad_Ibrahim_Bilal/Muhammad_Ibrahim_Bilal_0001.jpg,0
lfw/Jerry_Sloan/Jerry_Sloan_0001.jpg,lfw/Kimberly_Stewart/Kimberly_Stewart_0001.jpg,0
lfw/Gary_Winnick/Gary_Winnick_0001.jpg,lfw/Gary_Winnick/Gary_Winnick_0002.jpg,1
lfw/Hitoshi_Tanaka/Hitoshi_Tanaka_0001.jpg,lfw/Leo_Mullin/Leo_Mullin_0001.jpg,0
lfw/Steve_Redgrave/Steve_Redgrave_0001.jpg,lfw/Tom_Crean/Tom_Crean_0002.jpg,0
lfw/Dale_Earnhardt/Dale_Earnhardt_0001.jpg,lfw/Roy_Halladay/Roy_Halladay_0001.jpg,0
lfw/Jake_Gyllenhaal/Jake_Gyllenhaal_0003.jpg,lfw/Jake_Gyllenhaal/Jake_Gyllenhaal_0004.jpg,1
lfw/Emma_Watson/Emma_Watson_0003.jpg,lfw/Emma_Watson/Emma_Watson_0005.jpg,1
lfw/Jessica_Lange/Jessica_Lange_0001.jpg,lfw/Jessica_Lange/Jessica_Lange_0002.jpg,1
lfw/Brian_Grazier/Brian_Grazier_0001.jpg,lfw/Huang_Suey-Sheng/Huang_Suey-Sheng_0001.jpg,0
lfw/Paula_Dobriansky/Paula_Dobriansky_0001.jpg,lfw/Selma_Phoenix/Selma_Phoenix_0001.jpg,0
lfw/Chuck_Finley/Chuck_Finley_0001.jpg,lfw/John_Wright/John_Wright_0001.jpg,0
lfw/Jeff_Weaver/Jeff_Weaver_0001.jpg,lfw/Natasha_Lyonne/Natasha_Lyonne_0001.jpg,0
lfw/Enrique_Medina_Gomez/Enrique_Medina_Gomez_0001.jpg,lfw/William_Cocksedge/William_Cocksedge_0001.jpg,0
lfw/Kimberly_Bruckner/Kimberly_Bruckner_0001.jpg,lfw/Ray_Lewis/Ray_Lewis_0001.jpg,0
lfw/Martin_Sheen/Martin_Sheen_0001.jpg,lfw/Martin_Sheen/Martin_Sheen_0002.jpg,1
lfw/Nicolas_Lapentti/Nicolas_Lapentti_0001.jpg,lfw/Paula_Dobriansky/Paula_Dobriansky_0001.jpg,0
lfw/Alvaro_Uribe/Alvaro_Uribe_0017.jpg,lfw/Alvaro_Uribe/Alvaro_Uribe_0026.jpg,1
lfw/Terry_McAuliffe/Terry_McAuliffe_0001.jpg,lfw/Terry_McAuliffe/Terry_McAuliffe_0003.jpg,1
lfw/Geraldine_Chaplin/Geraldine_Chaplin_0001.jpg,lfw/Geraldine_Chaplin/Geraldine_Chaplin_0003.jpg,1
lfw/David_Spade/David_Spade_0001.jpg,lfw/Evander_Holyfield/Evander_Holyfield_0001.jpg,0
lfw/Earl_Campbell/Earl_Campbell_0001.jpg,lfw/Marco_Antonio_Barrera/Marco_Antonio_Barrera_0003.jpg,0
lfw/Alec_Baldwin/Alec_Baldwin_0003.jpg,lfw/Guy_Ritchie/Guy_Ritchie_0001.jpg,0
lfw/Donnie_Brennan/Donnie_Brennan_0001.jpg,lfw/Javier_Solana/Javier_Solana_0009.jpg,0
lfw/Reese_Witherspoon/Reese_Witherspoon_0001.jpg,lfw/Reese_Witherspoon/Reese_Witherspoon_0004.jpg,1
lfw/Marieta_Chrousala/Marieta_Chrousala_0001.jpg,lfw/Marieta_Chrousala/Marieta_Chrousala_0002.jpg,1
lfw/Joe_Cravens/Joe_Cravens_0001.jpg,lfw/Jose_Lopez_Beltran/Jose_Lopez_Beltran_0001.jpg,0
lfw/Irwan_Fadzi_Idris/Irwan_Fadzi_Idris_0001.jpg,lfw/Kathy_Bates/Kathy_Bates_0001.jpg,0
lfw/Joe_Calzaghe/Joe_Calzaghe_0002.jpg,lfw/Joerg_Haider/Joerg_Haider_0002.jpg,0
lfw/Wesley_Clark/Wesley_Clark_0001.jpg,lfw/Wesley_Clark/Wesley_Clark_0002.jpg,1
lfw/Pete_Gillen/Pete_Gillen_0001.jpg,lfw/Pringe_Ernst_August/Pringe_Ernst_August_0001.jpg,0
lfw/Elodie_Bouchez/Elodie_Bouchez_0001.jpg,lfw/Enrique_Oliu/Enrique_Oliu_0001.jpg,0
lfw/Erin_Runnion/Erin_Runnion_0003.jpg,lfw/Erin_Runnion/Erin_Runnion_0004.jpg,1
lfw/Cliff_Ellis/Cliff_Ellis_0001.jpg,lfw/Paul_Luvera/Paul_Luvera_0001.jpg,0
lfw/Ibrahim_Jaafari/Ibrahim_Jaafari_0001.jpg,lfw/Tom_Brennan/Tom_Brennan_0001.jpg,0
lfw/Boris_Henry/Boris_Henry_0001.jpg,lfw/Venus_Williams/Venus_Williams_0004.jpg,0
lfw/Shoshana_Johnson/Shoshana_Johnson_0001.jpg,lfw/Suzanne_Mubarak/Suzanne_Mubarak_0001.jpg,0
lfw/Brian_Van_Dusen/Brian_Van_Dusen_0001.jpg,lfw/Sergio_Garcia/Sergio_Garcia_0001.jpg,0
lfw/Patrick_Roy/Patrick_Roy_0002.jpg,lfw/Ronald_Reagan/Ronald_Reagan_0001.jpg,0
lfw/Dan_Boyle/Dan_Boyle_0001.jpg,lfw/Zarai_Toledo/Zarai_Toledo_0002.jpg,0
lfw/Binyamin_Ben-Eliezer/Binyamin_Ben-Eliezer_0006.jpg,lfw/Vicki_Zhao_Wei/Vicki_Zhao_Wei_0001.jpg,0
lfw/Kathryn_Tucker/Kathryn_Tucker_0001.jpg,lfw/Mathilda_Karel_Spak/Mathilda_Karel_Spak_0001.jpg,0
lfw/Condoleezza_Rice/Condoleezza_Rice_0007.jpg,lfw/Condoleezza_Rice/Condoleezza_Rice_0010.jpg,1
lfw/Mikulas_Dzurinda/Mikulas_Dzurinda_0001.jpg,lfw/Mikulas_Dzurinda/Mikulas_Dzurinda_0002.jpg,1
lfw/Eliane_Karp/Eliane_Karp_0002.jpg,lfw/Eliane_Karp/Eliane_Karp_0003.jpg,1
lfw/Amelie_Mauresmo/Amelie_Mauresmo_0016.jpg,lfw/Amelie_Mauresmo/Amelie_Mauresmo_0021.jpg,1
lfw/Fujio_Cho/Fujio_Cho_0004.jpg,lfw/Shaun_Pollock/Shaun_Pollock_0001.jpg,0
lfw/Alfredo_Moreno/Alfredo_Moreno_0001.jpg,lfw/Shane_Reynolds/Shane_Reynolds_0001.jpg,0
lfw/James_Collinson/James_Collinson_0001.jpg,lfw/Jim_Nochols/Jim_Nochols_0001.jpg,0
lfw/Jennifer_Connelly/Jennifer_Connelly_0001.jpg,lfw/Jennifer_Connelly/Jennifer_Connelly_0004.jpg,1
lfw/Steven_Hatfill/Steven_Hatfill_0001.jpg,lfw/Steven_Hatfill/Steven_Hatfill_0002.jpg,1
lfw/Tassos_Papadopoulos/Tassos_Papadopoulos_0001.jpg,lfw/Tassos_Papadopoulos/Tassos_Papadopoulos_0002.jpg,1
lfw/Anthony_Pisciotti/Anthony_Pisciotti_0001.jpg,lfw/Stephane_Rousseau/Stephane_Rousseau_0001.jpg,0
lfw/Eric_Christian_Olsen/Eric_Christian_Olsen_0001.jpg,lfw/Lisa_Gottsegen/Lisa_Gottsegen_0002.jpg,0
lfw/Jeffrey_Jones/Jeffrey_Jones_0001.jpg,lfw/John_Bond/John_Bond_0001.jpg,0
lfw/Justine_Henin/Justine_Henin_0002.jpg,lfw/Justine_Henin/Justine_Henin_0003.jpg,1
lfw/Joseph_Biden/Joseph_Biden_0005.jpg,lfw/Stephanie_Moore/Stephanie_Moore_0001.jpg,0
lfw/Rebecca_Romijn-Stamos/Rebecca_Romijn-Stamos_0002.jpg,lfw/Rebecca_Romijn-Stamos/Rebecca_Romijn-Stamos_0004.jpg,1
lfw/Jesse_Helms/Jesse_Helms_0001.jpg,lfw/Steve_Largent/Steve_Largent_0001.jpg,0
lfw/Daniel_Bruehl/Daniel_Bruehl_0001.jpg,lfw/Geovani_Lapentti/Geovani_Lapentti_0001.jpg,0
lfw/Alvaro_Uribe/Alvaro_Uribe_0028.jpg,lfw/Alvaro_Uribe/Alvaro_Uribe_0029.jpg,1
lfw/John_Bolton/John_Bolton_0004.jpg,lfw/John_Bolton/John_Bolton_0014.jpg,1
lfw/Jeff_Bzdelik/Jeff_Bzdelik_0001.jpg,lfw/Troy_Garity/Troy_Garity_0001.jpg,0
lfw/Ruth_Harlow/Ruth_Harlow_0001.jpg,lfw/Tony_Fernandes/Tony_Fernandes_0001.jpg,0
lfw/Hadley_Bilger/Hadley_Bilger_0001.jpg,lfw/Jaime_Orti/Jaime_Orti_0001.jpg,0
lfw/Shia_LaBeouf/Shia_LaBeouf_0001.jpg,lfw/Tatyana_Tomashova/Tatyana_Tomashova_0001.jpg,0
lfw/Bill_Lerach/Bill_Lerach_0001.jpg,lfw/Lucio_Angulo/Lucio_Angulo_0001.jpg,0
lfw/Colin_Phillips/Colin_Phillips_0001.jpg,lfw/Lenny_Kravitz/Lenny_Kravitz_0001.jpg,0
lfw/Dave_Williams/Dave_Williams_0001.jpg,lfw/Lin_Yung_Hsi/Lin_Yung_Hsi_0001.jpg,0
lfw/David_Duke/David_Duke_0001.jpg,lfw/Yoon_Won-Sik/Yoon_Won-Sik_0001.jpg,0
lfw/Marcelo_Rios/Marcelo_Rios_0004.jpg,lfw/Marcelo_Rios/Marcelo_Rios_0005.jpg,1
lfw/Elsa_Zylberstein/Elsa_Zylberstein_0001.jpg,lfw/Elsa_Zylberstein/Elsa_Zylberstein_0005.jpg,1
lfw/Cindy_Klassen/Cindy_Klassen_0001.jpg,lfw/Jayson_Williams/Jayson_Williams_0003.jpg,0
lfw/George_W_Bush/George_W_Bush_0353.jpg,lfw/Pupi_Avati/Pupi_Avati_0001.jpg,0
lfw/David_Przybyszewski/David_Przybyszewski_0001.jpg,lfw/John_McCain/John_McCain_0006.jpg,0
lfw/Nicolas_Kiefer/Nicolas_Kiefer_0001.jpg,lfw/Will_Young/Will_Young_0001.jpg,0
lfw/Sam_Torrance/Sam_Torrance_0003.jpg,lfw/Tom_Christerson/Tom_Christerson_0001.jpg,0
lfw/Mary_Robinson/Mary_Robinson_0001.jpg,lfw/Vanessa_Williams/Vanessa_Williams_0001.jpg,0
lfw/Muhammad_Ali/Muhammad_Ali_0004.jpg,lfw/Muhammad_Ali/Muhammad_Ali_0007.jpg,1
lfw/Donald_Rumsfeld/Donald_Rumsfeld_0022.jpg,lfw/Donald_Rumsfeld/Donald_Rumsfeld_0036.jpg,1
lfw/Kwame_Kilpatrick/Kwame_Kilpatrick_0001.jpg,lfw/Ronnie_Musgrove/Ronnie_Musgrove_0001.jpg,0
lfw/Jefferson_Perez/Jefferson_Perez_0001.jpg,lfw/Jefferson_Perez/Jefferson_Perez_0002.jpg,1
lfw/Jada_Pinkett_Smith/Jada_Pinkett_Smith_0001.jpg,lfw/Mercedes_Amor/Mercedes_Amor_0001.jpg,0
lfw/Jose_Rosado/Jose_Rosado_0001.jpg,lfw/Ramon_Cardenas/Ramon_Cardenas_0001.jpg,0
lfw/Kirk_Douglas/Kirk_Douglas_0001.jpg,lfw/Troy_Garity/Troy_Garity_0001.jpg,0
lfw/Atal_Bihari_Vajpayee/Atal_Bihari_Vajpayee_0024.jpg,lfw/Sarah_Price/Sarah_Price_0001.jpg,0
lfw/Doug_Christie/Doug_Christie_0001.jpg,lfw/Richard_Jefferson/Richard_Jefferson_0001.jpg,0
lfw/Dan_Quayle/Dan_Quayle_0001.jpg,lfw/Edina_Batar/Edina_Batar_0001.jpg,0
lfw/Jade_Jagger/Jade_Jagger_0001.jpg,lfw/Marisol_Breton/Marisol_Breton_0001.jpg,0
lfw/Garry_Trudeau/Garry_Trudeau_0001.jpg,lfw/Garry_Trudeau/Garry_Trudeau_0002.jpg,1
lfw/Eileen_Coparropa/Eileen_Coparropa_0001.jpg,lfw/John_Warner/John_Warner_0004.jpg,0
lfw/Natasa_Micic/Natasa_Micic_0001.jpg,lfw/Oxana_Fedorova/Oxana_Fedorova_0003.jpg,0
lfw/Fernando_Valenzuela/Fernando_Valenzuela_0001.jpg,lfw/Mitt_Romney/Mitt_Romney_0001.jpg,0
lfw/Keith_Bishop_Jr/Keith_Bishop_Jr_0001.jpg,lfw/Shaun_Pollock/Shaun_Pollock_0001.jpg,0
lfw/Myung_Yang/Myung_Yang_0001.jpg,lfw/Rene_Antonio_Leon_Rodriguez/Rene_Antonio_Leon_Rodriguez_0001.jpg,0
lfw/Joe_Nichols/Joe_Nichols_0003.jpg,lfw/Joe_Nichols/Joe_Nichols_0004.jpg,1
lfw/Ann_Morgan/Ann_Morgan_0001.jpg,lfw/Garry_Kasparov/Garry_Kasparov_0002.jpg,0
lfw/Gwen_Stefani/Gwen_Stefani_0001.jpg,lfw/Marcus_Garrettson/Marcus_Garrettson_0001.jpg,0
lfw/Madeleine_Albright/Madeleine_Albright_0001.jpg,lfw/Robert_Schuller/Robert_Schuller_0001.jpg,0
lfw/Gonzalo_Barrientos/Gonzalo_Barrientos_0001.jpg,lfw/Lionel_Hampton/Lionel_Hampton_0001.jpg,0
lfw/Emmanuel_Milingo/Emmanuel_Milingo_0001.jpg,lfw/Shane_Loux/Shane_Loux_0001.jpg,0
lfw/Ian_Wilmut/Ian_Wilmut_0001.jpg,lfw/Randall_Tobias/Randall_Tobias_0001.jpg,0
lfw/Eric_Taino/Eric_Taino_0001.jpg,lfw/Igor_Ivanov/Igor_Ivanov_0009.jpg,0
lfw/Joe_Mendes/Joe_Mendes_0001.jpg,lfw/Micky_Ward/Micky_Ward_0001.jpg,0
lfw/Doris_Roberts/Doris_Roberts_0002.jpg,lfw/Tommy_Lewis/Tommy_Lewis_0001.jpg,0
lfw/John_Reilly/John_Reilly_0001.jpg,lfw/Yossi_Beilin/Yossi_Beilin_0001.jpg,0
lfw/Tang_Jiaxuan/Tang_Jiaxuan_0001.jpg,lfw/Tang_Jiaxuan/Tang_Jiaxuan_0011.jpg,1
lfw/Ben_Chandler/Ben_Chandler_0001.jpg,lfw/Ralph_Firman/Ralph_Firman_0002.jpg,0
lfw/Jean-Pierre_Raffarin/Jean-Pierre_Raffarin_0002.jpg,lfw/Jean-Pierre_Raffarin/Jean-Pierre_Raffarin_0006.jpg,1
lfw/Manuel_Poggiali/Manuel_Poggiali_0002.jpg,lfw/Wu_Peng/Wu_Peng_0001.jpg,0
lfw/Janette_Husarova/Janette_Husarova_0001.jpg,lfw/Phil_Donahue/Phil_Donahue_0001.jpg,0
lfw/Orlando_Bloom/Orlando_Bloom_0001.jpg,lfw/Toutai_Kefu/Toutai_Kefu_0001.jpg,0
lfw/Lionel_Hampton/Lionel_Hampton_0001.jpg,lfw/Paola_Espinoza/Paola_Espinoza_0001.jpg,0
lfw/Barry_Collier/Barry_Collier_0001.jpg,lfw/Rainer_Schuettler/Rainer_Schuettler_0001.jpg,0
lfw/Fujio_Cho/Fujio_Cho_0001.jpg,lfw/Meles_Zenawi/Meles_Zenawi_0001.jpg,0
lfw/Tony_Shalhoub/Tony_Shalhoub_0001.jpg,lfw/Tony_Shalhoub/Tony_Shalhoub_0003.jpg,1
lfw/Carolina_Barco/Carolina_Barco_0001.jpg,lfw/Maha_Habib/Maha_Habib_0001.jpg,0
lfw/Ellen_Engleman/Ellen_Engleman_0001.jpg,lfw/Hassanal_Bolkiah/Hassanal_Bolkiah_0001.jpg,0
lfw/Jafar_Umar_Thalib/Jafar_Umar_Thalib_0001.jpg,lfw/Juan_Valencia_Osorio/Juan_Valencia_Osorio_0001.jpg,0
lfw/Ali_Naimi/Ali_Naimi_0003.jpg,lfw/Ali_Naimi/Ali_Naimi_0004.jpg,1
lfw/Curtis_Rodriguez/Curtis_Rodriguez_0001.jpg,lfw/Phil_Cline/Phil_Cline_0001.jpg,0
lfw/Gray_Davis/Gray_Davis_0006.jpg,lfw/Gray_Davis/Gray_Davis_0023.jpg,1
lfw/Frank_Griswold/Frank_Griswold_0001.jpg,lfw/Martina_McBride/Martina_McBride_0002.jpg,0
lfw/Brennon_Leighton/Brennon_Leighton_0001.jpg,lfw/Terry_Gilliam/Terry_Gilliam_0001.jpg,0
lfw/Chris_Neil/Chris_Neil_0001.jpg,lfw/Tom_Reilly/Tom_Reilly_0002.jpg,0
lfw/Charles_Mathews/Charles_Mathews_0001.jpg,lfw/Judy_Genshaft/Judy_Genshaft_0001.jpg,0
lfw/Pier_Ferdinando_Casini/Pier_Ferdinando_Casini_0001.jpg,lfw/Steve_Phillips/Steve_Phillips_0001.jpg,0
lfw/Ozzy_Osbourne/Ozzy_Osbourne_0001.jpg,lfw/Ozzy_Osbourne/Ozzy_Osbourne_0002.jpg,1
lfw/Abdullah_Gul/Abdullah_Gul_0013.jpg,lfw/Abdullah_Gul/Abdullah_Gul_0016.jpg,1
lfw/John_Sweeney/John_Sweeney_0001.jpg,lfw/Lee_Tae-sik/Lee_Tae-sik_0002.jpg,0
lfw/Theodore_Tweed_Roosevelt/Theodore_Tweed_Roosevelt_0002.jpg,lfw/Theodore_Tweed_Roosevelt/Theodore_Tweed_Roosevelt_0003.jpg,1
lfw/Lisa_Raymond/Lisa_Raymond_0001.jpg,lfw/Lisa_Raymond/Lisa_Raymond_0002.jpg,1
lfw/Gordon_Cooper/Gordon_Cooper_0001.jpg,lfw/Mark_Hamister/Mark_Hamister_0001.jpg,0
lfw/Dan_Quayle/Dan_Quayle_0001.jpg,lfw/David_McKiernan/David_McKiernan_0001.jpg,0
lfw/Daja_Bedanova/Daja_Bedanova_0001.jpg,lfw/Dean_Barker/Dean_Barker_0001.jpg,0
lfw/Razali_Ismail/Razali_Ismail_0001.jpg,lfw/Rob_Marshall/Rob_Marshall_0004.jpg,0
lfw/Jane_Riley/Jane_Riley_0001.jpg,lfw/Paul_Walker/Paul_Walker_0001.jpg,0
lfw/Dan_Guerrero/Dan_Guerrero_0001.jpg,lfw/Walter_Mondale/Walter_Mondale_0005.jpg,0
lfw/Lisa_Gottsegen/Lisa_Gottsegen_0002.jpg,lfw/Steve_Phillips/Steve_Phillips_0001.jpg,0
lfw/Cristian_Barros/Cristian_Barros_0001.jpg,lfw/John_Lisowski/John_Lisowski_0001.jpg,0
lfw/Emile_Lahoud/Emile_Lahoud_0002.jpg,lfw/Ricky_Martin/Ricky_Martin_0001.jpg,0
lfw/Jennifer_Reilly/Jennifer_Reilly_0001.jpg,lfw/Ronald_Reagan/Ronald_Reagan_0002.jpg,0
lfw/Dinah_Turner/Dinah_Turner_0001.jpg,lfw/Mary_Catherine_Correll/Mary_Catherine_Correll_0001.jpg,0
lfw/Juan_Carlos_Ferrero/Juan_Carlos_Ferrero_0023.jpg,lfw/Sean_Hayes/Sean_Hayes_0002.jpg,0
lfw/Bill_Frist/Bill_Frist_0001.jpg,lfw/Bill_Frist/Bill_Frist_0003.jpg,1
lfw/Bobby_Kielty/Bobby_Kielty_0001.jpg,lfw/Keith_Rodriguez/Keith_Rodriguez_0001.jpg,0
lfw/Lou_Piniella/Lou_Piniella_0003.jpg,lfw/Robert_DeFraites/Robert_DeFraites_0001.jpg,0
lfw/Bob_Graham/Bob_Graham_0006.jpg,lfw/Mary_Tyler_Moore/Mary_Tyler_Moore_0002.jpg,0
lfw/Yevgeny_Kafelnikov/Yevgeny_Kafelnikov_0003.jpg,lfw/Yevgeny_Kafelnikov/Yevgeny_Kafelnikov_0004.jpg,1
lfw/Keith_Bogans/Keith_Bogans_0002.jpg,lfw/Keith_Bogans/Keith_Bogans_0003.jpg,1
lfw/Ismael_Miranda/Ismael_Miranda_0001.jpg,lfw/Mohamed_Hammam/Mohamed_Hammam_0001.jpg,0
lfw/Dustin_Brown/Dustin_Brown_0001.jpg,lfw/Wu_Yi/Wu_Yi_0002.jpg,0
lfw/Ed_Rendell/Ed_Rendell_0001.jpg,lfw/Larenz_Tate/Larenz_Tate_0001.jpg,0
lfw/Gerry_Parsky/Gerry_Parsky_0002.jpg,lfw/Teresa_Heinz_Kerry/Teresa_Heinz_Kerry_0001.jpg,0
lfw/Princess_Anne/Princess_Anne_0001.jpg,lfw/Roberto_Laratro/Roberto_Laratro_0001.jpg,0
lfw/Bernard_Lord/Bernard_Lord_0002.jpg,lfw/Cheryl_Tiegs/Cheryl_Tiegs_0001.jpg,0
lfw/Anthony_Rackauckas/Anthony_Rackauckas_0001.jpg,lfw/Samantha_Daniels/Samantha_Daniels_0001.jpg,0
lfw/Pete_Beaudrault/Pete_Beaudrault_0001.jpg,lfw/Roy_Halladay/Roy_Halladay_0001.jpg,0
lfw/Jacob_Frenkel/Jacob_Frenkel_0001.jpg,lfw/Joseph_Hoy/Joseph_Hoy_0001.jpg,0
lfw/Christopher_Amolsch/Christopher_Amolsch_0001.jpg,lfw/Jen_Schefft/Jen_Schefft_0001.jpg,0
lfw/Grady_Little/Grady_Little_0001.jpg,lfw/Guido_Westerwelle/Guido_Westerwelle_0001.jpg,0
lfw/John_Leguizamo/John_Leguizamo_0001.jpg,lfw/Victoria_Clarke/Victoria_Clarke_0005.jpg,0
lfw/Dean_Barkley/Dean_Barkley_0004.jpg,lfw/Mohamed_Benaissa/Mohamed_Benaissa_0002.jpg,0
lfw/Elin_Nordegren/Elin_Nordegren_0001.jpg,lfw/Elin_Nordegren/Elin_Nordegren_0002.jpg,1
lfw/Frederique_van_der_Wal/Frederique_van_der_Wal_0001.jpg,lfw/Scott_Wallach/Scott_Wallach_0001.jpg,0
lfw/David_Anderson/David_Anderson_0004.jpg,lfw/Stephanie_Moore/Stephanie_Moore_0001.jpg,0
lfw/Tippi_Hedren/Tippi_Hedren_0001.jpg,lfw/Tippi_Hedren/Tippi_Hedren_0002.jpg,1
lfw/Cindy_Moll/Cindy_Moll_0001.jpg,lfw/Randy_Jackson/Randy_Jackson_0001.jpg,0
lfw/Leonardo_DiCaprio/Leonardo_DiCaprio_0001.jpg,lfw/Leonardo_DiCaprio/Leonardo_DiCaprio_0008.jpg,1
lfw/Abdullatif_Sener/Abdullatif_Sener_0001.jpg,lfw/Abdullatif_Sener/Abdullatif_Sener_0002.jpg,1
lfw/Anastasia_Kelesidou/Anastasia_Kelesidou_0001.jpg,lfw/Maribel_Dominguez/Maribel_Dominguez_0001.jpg,0
lfw/Jeremy_Shockey/Jeremy_Shockey_0001.jpg,lfw/Jeremy_Shockey/Jeremy_Shockey_0002.jpg,1
lfw/Mireya_Moscoso/Mireya_Moscoso_0002.jpg,lfw/Mireya_Moscoso/Mireya_Moscoso_0003.jpg,1
lfw/Michael_Sullivan/Michael_Sullivan_0001.jpg,lfw/Michael_Sullivan/Michael_Sullivan_0002.jpg,1
lfw/George_HW_Bush/George_HW_Bush_0003.jpg,lfw/Kelly_Osbourne/Kelly_Osbourne_0001.jpg,0
lfw/Jeremy_Fogel/Jeremy_Fogel_0001.jpg,lfw/Sharon_Frey/Sharon_Frey_0001.jpg,0
lfw/David_Heymann/David_Heymann_0003.jpg,lfw/Richard_Sterner/Richard_Sterner_0001.jpg,0
lfw/Jorge_Castaneda/Jorge_Castaneda_0001.jpg,lfw/Jorge_Castaneda/Jorge_Castaneda_0002.jpg,1
lfw/Reese_Witherspoon/Reese_Witherspoon_0001.jpg,lfw/Reese_Witherspoon/Reese_Witherspoon_0002.jpg,1
lfw/Chuck_Hagel/Chuck_Hagel_0001.jpg,lfw/Hu_Jintao/Hu_Jintao_0001.jpg,0
lfw/Denise_Johnson/Denise_Johnson_0001.jpg,lfw/Denise_Johnson/Denise_Johnson_0002.jpg,1
lfw/Giuseppe_Gibilisco/Giuseppe_Gibilisco_0002.jpg,lfw/Giuseppe_Gibilisco/Giuseppe_Gibilisco_0004.jpg,1
lfw/Julius_Erving/Julius_Erving_0001.jpg,lfw/Nanni_Moretti/Nanni_Moretti_0002.jpg,0
lfw/Gene_Hackman/Gene_Hackman_0001.jpg,lfw/Willis_Roberts/Willis_Roberts_0001.jpg,0
lfw/Amanda_Coetzer/Amanda_Coetzer_0002.jpg,lfw/Rhett_Warrener/Rhett_Warrener_0001.jpg,0
lfw/Matt_Anderson/Matt_Anderson_0001.jpg,lfw/Pauley_Perrette/Pauley_Perrette_0001.jpg,0
lfw/Marwan_Muasher/Marwan_Muasher_0001.jpg,lfw/Scott_OGrady/Scott_OGrady_0001.jpg,0
lfw/Chakib_Khelil/Chakib_Khelil_0001.jpg,lfw/Nathan_Doudney/Nathan_Doudney_0001.jpg,0
lfw/Robert_Lange/Robert_Lange_0001.jpg,lfw/Tina_Andrews/Tina_Andrews_0001.jpg,0
lfw/Adisai_Bodharamik/Adisai_Bodharamik_0001.jpg,lfw/Jesper_Parnevik/Jesper_Parnevik_0001.jpg,0
lfw/Dolly_Parton/Dolly_Parton_0001.jpg,lfw/Miguel_Juarez_Perez/Miguel_Juarez_Perez_0001.jpg,0
lfw/Raag_Singhal/Raag_Singhal_0001.jpg,lfw/Ray_Halbritter/Ray_Halbritter_0001.jpg,0
lfw/Robert_Redford/Robert_Redford_0007.jpg,lfw/Robert_Redford/Robert_Redford_0008.jpg,1
lfw/Rob_Schneider/Rob_Schneider_0001.jpg,lfw/Rob_Schneider/Rob_Schneider_0002.jpg,1
lfw/Brad_Brownell/Brad_Brownell_0001.jpg,lfw/Cindy_Moll/Cindy_Moll_0001.jpg,0
lfw/Marion_Fahnestock/Marion_Fahnestock_0001.jpg,lfw/Steve_Fehr/Steve_Fehr_0001.jpg,0
lfw/Dave_Campo/Dave_Campo_0002.jpg,lfw/Dave_Campo/Dave_Campo_0003.jpg,1
lfw/Nicolas_Latorre/Nicolas_Latorre_0001.jpg,lfw/Paulo_Cesar_Pinheiro/Paulo_Cesar_Pinheiro_0002.jpg,0
lfw/Jane_Fonda/Jane_Fonda_0001.jpg,lfw/Marco_Antonio_Barrera/Marco_Antonio_Barrera_0006.jpg,0
lfw/Helo_Pinheiro/Helo_Pinheiro_0001.jpg,lfw/Rien_Long/Rien_Long_0001.jpg,0
lfw/Tyler_Hamilton/Tyler_Hamilton_0001.jpg,lfw/Tyler_Hamilton/Tyler_Hamilton_0002.jpg,1
lfw/Charles_Taylor/Charles_Taylor_0003.jpg,lfw/Charles_Taylor/Charles_Taylor_0009.jpg,1
lfw/Richard_Gere/Richard_Gere_0006.jpg,lfw/Richard_Gere/Richard_Gere_0010.jpg,1
lfw/Aaron_Sorkin/Aaron_Sorkin_0002.jpg,lfw/Frank_Solich/Frank_Solich_0005.jpg,0
lfw/Susan_Collins/Susan_Collins_0001.jpg,lfw/Susan_Collins/Susan_Collins_0002.jpg,1
lfw/Ali_Bin_Hussein/Ali_Bin_Hussein_0001.jpg,lfw/Jean-Luc_Bideau/Jean-Luc_Bideau_0001.jpg,0
lfw/Ken_Dorsey/Ken_Dorsey_0001.jpg,lfw/Mira_Sorvino/Mira_Sorvino_0001.jpg,0
lfw/Mickey_Gilley/Mickey_Gilley_0001.jpg,lfw/Sepp_Blatter/Sepp_Blatter_0003.jpg,0
lfw/Vincent_Brooks/Vincent_Brooks_0001.jpg,lfw/Vincent_Brooks/Vincent_Brooks_0002.jpg,1
lfw/Anzori_Kikalishvili/Anzori_Kikalishvili_0001.jpg,lfw/Milan_Kucan/Milan_Kucan_0001.jpg,0
lfw/Mick_Jagger/Mick_Jagger_0004.jpg,lfw/Roberto_Canessa/Roberto_Canessa_0001.jpg,0
lfw/Doc_Rivers/Doc_Rivers_0001.jpg,lfw/Malcolm_Glazer/Malcolm_Glazer_0001.jpg,0
lfw/Aram_Adler/Aram_Adler_0001.jpg,lfw/Stanley_Nelson/Stanley_Nelson_0001.jpg,0
lfw/Chip_Knight/Chip_Knight_0001.jpg,lfw/Tracy_McGrady/Tracy_McGrady_0002.jpg,0
lfw/Pat_Cox/Pat_Cox_0001.jpg,lfw/Prince_Felipe/Prince_Felipe_0001.jpg,0
lfw/Bill_Frist/Bill_Frist_0003.jpg,lfw/Bill_Frist/Bill_Frist_0008.jpg,1
lfw/Bernard_Landry/Bernard_Landry_0001.jpg,lfw/Marc_Shaiman/Marc_Shaiman_0001.jpg,0
lfw/Victoria_Beckham/Victoria_Beckham_0002.jpg,lfw/Victoria_Beckham/Victoria_Beckham_0003.jpg,1
lfw/Natalie_Coughlin/Natalie_Coughlin_0003.jpg,lfw/Natalie_Coughlin/Natalie_Coughlin_0005.jpg,1
lfw/Gro_Harlem_Brundtland/Gro_Harlem_Brundtland_0002.jpg,lfw/Ted_Christopher/Ted_Christopher_0001.jpg,0
lfw/Joel_Todd/Joel_Todd_0001.jpg,lfw/Pascal_Lamy/Pascal_Lamy_0001.jpg,0
lfw/Mikhail_Youzhny/Mikhail_Youzhny_0001.jpg,lfw/Mikhail_Youzhny/Mikhail_Youzhny_0002.jpg,1
lfw/John_McKay/John_McKay_0001.jpg,lfw/Kurt_Schottenheimer/Kurt_Schottenheimer_0001.jpg,0
lfw/Paul_Martin/Paul_Martin_0003.jpg,lfw/Paul_Martin/Paul_Martin_0006.jpg,1
lfw/Johnny_Htu/Johnny_Htu_0001.jpg,lfw/Victor_Kraatz/Victor_Kraatz_0001.jpg,0
lfw/Sada_Jacobson/Sada_Jacobson_0001.jpg,lfw/William_Webster/William_Webster_0001.jpg,0
lfw/Richard_Krajicek/Richard_Krajicek_0003.jpg,lfw/Zalmay_Khalilzad/Zalmay_Khalilzad_0001.jpg,0
lfw/Julio_Cesar_Franco/Julio_Cesar_Franco_0001.jpg,lfw/Michael_Bolton/Michael_Bolton_0001.jpg,0
lfw/Courtney_Cox/Courtney_Cox_0001.jpg,lfw/Taha_Yassin_Ramadan/Taha_Yassin_Ramadan_0009.jpg,0
lfw/Barry_Hinson/Barry_Hinson_0001.jpg,lfw/John_Cusack/John_Cusack_0001.jpg,0
lfw/Carlos_Manuel_Pruneda/Carlos_Manuel_Pruneda_0001.jpg,lfw/Carlos_Manuel_Pruneda/Carlos_Manuel_Pruneda_0003.jpg,1
lfw/Cristiano_da_Matta/Cristiano_da_Matta_0001.jpg,lfw/Jason_Priestley/Jason_Priestley_0001.jpg,0
lfw/Patti_Labelle/Patti_Labelle_0002.jpg,lfw/Patti_Labelle/Patti_Labelle_0003.jpg,1
lfw/Joe_Darrell/Joe_Darrell_0001.jpg,lfw/Liu_Xiaoqing/Liu_Xiaoqing_0001.jpg,0
lfw/Andrei_Mikhnevich/Andrei_Mikhnevich_0001.jpg,lfw/Andrei_Mikhnevich/Andrei_Mikhnevich_0002.jpg,1
lfw/Baburam_Bhattari/Baburam_Bhattari_0001.jpg,lfw/Carlos_Fasciolo/Carlos_Fasciolo_0001.jpg,0
lfw/Rebecca_Romijn-Stamos/Rebecca_Romijn-Stamos_0003.jpg,lfw/Rebecca_Romijn-Stamos/Rebecca_Romijn-Stamos_0004.jpg,1
lfw/Eduard_Shevardnadze/Eduard_Shevardnadze_0004.jpg,lfw/Taoufik_Mathlouthi/Taoufik_Mathlouthi_0001.jpg,0
lfw/Laurence_Tribe/Laurence_Tribe_0001.jpg,lfw/Mark_Lazarus/Mark_Lazarus_0001.jpg,0
lfw/Betty_Garrison/Betty_Garrison_0001.jpg,lfw/Rudy_Tomjanovich/Rudy_Tomjanovich_0001.jpg,0
lfw/Bob_Geldof/Bob_Geldof_0001.jpg,lfw/John_Spencer/John_Spencer_0002.jpg,0
lfw/Masum_Turker/Masum_Turker_0001.jpg,lfw/Masum_Turker/Masum_Turker_0003.jpg,1
lfw/Anneli_Jaatteenmaki/Anneli_Jaatteenmaki_0002.jpg,lfw/Ron_Dittemore/Ron_Dittemore_0005.jpg,0
lfw/Rene_Antonio_Leon_Rodriguez/Rene_Antonio_Leon_Rodriguez_0001.jpg,lfw/Ted_Turner/Ted_Turner_0001.jpg,0
lfw/Hong_Myung/Hong_Myung_0001.jpg,lfw/Roy_Chaderton/Roy_Chaderton_0001.jpg,0
lfw/Ross_Verba/Ross_Verba_0001.jpg,lfw/Tony_Curtis/Tony_Curtis_0002.jpg,0
lfw/Barbara_Boxer/Barbara_Boxer_0001.jpg,lfw/Carin_Koch/Carin_Koch_0001.jpg,0
lfw/Bill_Sizemore/Bill_Sizemore_0001.jpg,lfw/Bill_Sizemore/Bill_Sizemore_0002.jpg,1
lfw/Chang_Dae-whan/Chang_Dae-whan_0001.jpg,lfw/Chang_Dae-whan/Chang_Dae-whan_0002.jpg,1
lfw/Richard_Norton-Taylor/Richard_Norton-Taylor_0001.jpg,lfw/Richard_Norton-Taylor/Richard_Norton-Taylor_0002.jpg,1
lfw/Francis_George/Francis_George_0001.jpg,lfw/Massoud_Barzani/Massoud_Barzani_0001.jpg,0
lfw/Amanda_Plumer/Amanda_Plumer_0001.jpg,lfw/Jean_Brumley/Jean_Brumley_0001.jpg,0
lfw/Charlotte_Casiraghi/Charlotte_Casiraghi_0001.jpg,lfw/Irina_Framtsova/Irina_Framtsova_0001.jpg,0
lfw/Juan_Fernandez/Juan_Fernandez_0001.jpg,lfw/Nancy_Humbert/Nancy_Humbert_0001.jpg,0
lfw/Paul_Patton/Paul_Patton_0001.jpg,lfw/Paul_Patton/Paul_Patton_0002.jpg,1
lfw/Dinah_Turner/Dinah_Turner_0001.jpg,lfw/Gerald_Ford/Gerald_Ford_0001.jpg,0
lfw/Donald_Rumsfeld/Donald_Rumsfeld_0028.jpg,lfw/Donald_Rumsfeld/Donald_Rumsfeld_0108.jpg,1
lfw/Mike_OConnell/Mike_OConnell_0001.jpg,lfw/Natalie_Stewart/Natalie_Stewart_0001.jpg,0
lfw/James_Robertson_Jr/James_Robertson_Jr_0001.jpg,lfw/Justin_Wilson/Justin_Wilson_0001.jpg,0
lfw/Charles_Chandler_IV/Charles_Chandler_IV_0001.jpg,lfw/Rainer_Geulen/Rainer_Geulen_0001.jpg,0
lfw/Iain_Duncan_Smith/Iain_Duncan_Smith_0002.jpg,lfw/Ted_Maher/Ted_Maher_0002.jpg,0
lfw/James_Jones/James_Jones_0002.jpg,lfw/Patrick_Clawsen/Patrick_Clawsen_0001.jpg,0
lfw/John_Reilly/John_Reilly_0001.jpg,lfw/Ricky_Martin/Ricky_Martin_0001.jpg,0
lfw/Jeff_Van_Gundy/Jeff_Van_Gundy_0003.jpg,lfw/Kaspar_Villiger/Kaspar_Villiger_0001.jpg,0
lfw/Alan_Jackson/Alan_Jackson_0001.jpg,lfw/Peter_Albertsen/Peter_Albertsen_0001.jpg,0
lfw/John_Rowland/John_Rowland_0001.jpg,lfw/John_Rowland/John_Rowland_0002.jpg,1
lfw/Daniel_Day-Lewis/Daniel_Day-Lewis_0003.jpg,lfw/Jaromir_Jagr/Jaromir_Jagr_0001.jpg,0
lfw/Lionel_Richie/Lionel_Richie_0002.jpg,lfw/Ravan_AG_Farhadi/Ravan_AG_Farhadi_0001.jpg,0
lfw/Hiroki_Gomi/Hiroki_Gomi_0001.jpg,lfw/Steve_Karsay/Steve_Karsay_0001.jpg,0
lfw/Tomoko_Hagiwara/Tomoko_Hagiwara_0001.jpg,lfw/Tomoko_Hagiwara/Tomoko_Hagiwara_0002.jpg,1
lfw/Dave_Matthews/Dave_Matthews_0001.jpg,lfw/Derek_Lowe/Derek_Lowe_0001.jpg,0
lfw/Leah_Remini/Leah_Remini_0001.jpg,lfw/Max_von_Sydow/Max_von_Sydow_0001.jpg,0
lfw/Gray_Davis/Gray_Davis_0013.jpg,lfw/Gray_Davis/Gray_Davis_0023.jpg,1
lfw/Kirk_Johnson/Kirk_Johnson_0001.jpg,lfw/Michelle_Hofland/Michelle_Hofland_0001.jpg,0
lfw/James_Smith/James_Smith_0001.jpg,lfw/James_Smith/James_Smith_0002.jpg,1
lfw/George_Pataki/George_Pataki_0002.jpg,lfw/Hideki_Matsui/Hideki_Matsui_0002.jpg,0
lfw/Han_Sung_Joo/Han_Sung_Joo_0001.jpg,lfw/Hank_Azaria/Hank_Azaria_0001.jpg,0
lfw/Richard_Branson/Richard_Branson_0002.jpg,lfw/Taufik_Hidayat/Taufik_Hidayat_0001.jpg,0
lfw/Ciro_Gomes/Ciro_Gomes_0004.jpg,lfw/Edgar_Savisaar/Edgar_Savisaar_0001.jpg,0
lfw/Annette_Lu/Annette_Lu_0002.jpg,lfw/Annette_Lu/Annette_Lu_0003.jpg,1
lfw/Ashton_Kutcher/Ashton_Kutcher_0003.jpg,lfw/Julio_Toro/Julio_Toro_0001.jpg,0
lfw/Sean_Patrick_OMalley/Sean_Patrick_OMalley_0001.jpg,lfw/Sean_Patrick_OMalley/Sean_Patrick_OMalley_0003.jpg,1
lfw/Hisham_Halawi/Hisham_Halawi_0001.jpg,lfw/Lonnie_Donegan/Lonnie_Donegan_0001.jpg,0
lfw/Ismail_Merchant/Ismail_Merchant_0001.jpg,lfw/Ismail_Merchant/Ismail_Merchant_0002.jpg,1
lfw/Sean_Astin/Sean_Astin_0001.jpg,lfw/Sean_Astin/Sean_Astin_0002.jpg,1
lfw/Colleen_Donovan/Colleen_Donovan_0001.jpg,lfw/Wen_Jiabao/Wen_Jiabao_0009.jpg,0
lfw/Guido_Westerwelle/Guido_Westerwelle_0002.jpg,lfw/Tatiana_Paus/Tatiana_Paus_0001.jpg,0
lfw/Andrew_Cuomo/Andrew_Cuomo_0001.jpg,lfw/Hamad_Bin_Jassim/Hamad_Bin_Jassim_0001.jpg,0
lfw/Gilberto_Rodriguez_Orejuela/Gilberto_Rodriguez_Orejuela_0001.jpg,lfw/Gilberto_Rodriguez_Orejuela/Gilberto_Rodriguez_Orejuela_0003.jpg,1
lfw/Tom_Coverdale/Tom_Coverdale_0001.jpg,lfw/Tom_Coverdale/Tom_Coverdale_0002.jpg,1
lfw/Eileen_Coparropa/Eileen_Coparropa_0001.jpg,lfw/Sadie_Frost/Sadie_Frost_0003.jpg,0
lfw/Warren_Buffett/Warren_Buffett_0001.jpg,lfw/Warren_Buffett/Warren_Buffett_0003.jpg,1
lfw/Sean_OKeefe/Sean_OKeefe_0004.jpg,lfw/Sean_OKeefe/Sean_OKeefe_0005.jpg,1
lfw/Andy_Hebb/Andy_Hebb_0001.jpg,lfw/Andy_Hebb/Andy_Hebb_0002.jpg,1
lfw/Hans-Christian_Schmid/Hans-Christian_Schmid_0001.jpg,lfw/Zaini_Abdullah/Zaini_Abdullah_0001.jpg,0
lfw/Ronaldo_Luis_Nazario_de_Lima/Ronaldo_Luis_Nazario_de_Lima_0001.jpg,lfw/Ronaldo_Luis_Nazario_de_Lima/Ronaldo_Luis_Nazario_de_Lima_0004.jpg,1
lfw/Allen_Iverson/Allen_Iverson_0001.jpg,lfw/Steven_Spielberg/Steven_Spielberg_0007.jpg,0
lfw/Eddie_Fenech_Adami/Eddie_Fenech_Adami_0001.jpg,lfw/Elodie_Bouchez/Elodie_Bouchez_0001.jpg,0
lfw/Jose_Acasuso/Jose_Acasuso_0001.jpg,lfw/Lin_Yung_Hsi/Lin_Yung_Hsi_0001.jpg,0
lfw/Gilles_Panizzi/Gilles_Panizzi_0001.jpg,lfw/Shafal_Mosed/Shafal_Mosed_0001.jpg,0
lfw/DAngelo_Jimenez/DAngelo_Jimenez_0001.jpg,lfw/Wendy_Kennedy/Wendy_Kennedy_0001.jpg,0
lfw/Jeff_Schiffner/Jeff_Schiffner_0001.jpg,lfw/Jim_Greenwood/Jim_Greenwood_0001.jpg,0
lfw/Mario_Vasquez_Rana/Mario_Vasquez_Rana_0001.jpg,lfw/Robert_Bonner/Robert_Bonner_0001.jpg,0
lfw/Andres_Manuel_Lopez_Obrador/Andres_Manuel_Lopez_Obrador_0001.jpg,lfw/John_Jumper/John_Jumper_0001.jpg,0
lfw/Akbar_Al_Baker/Akbar_Al_Baker_0001.jpg,lfw/Louisa_Baileche/Louisa_Baileche_0001.jpg,0
lfw/Ally_Sheedy/Ally_Sheedy_0001.jpg,lfw/Pedro_Velasquez/Pedro_Velasquez_0001.jpg,0
lfw/Charles_Moose/Charles_Moose_0009.jpg,lfw/Sheryl_Crow/Sheryl_Crow_0004.jpg,0
lfw/Felix_Mantilla/Felix_Mantilla_0001.jpg,lfw/Lord_Hutton/Lord_Hutton_0001.jpg,0
lfw/Aby_Har-Even/Aby_Har-Even_0001.jpg,lfw/Ricardo_Lopez_Murphy/Ricardo_Lopez_Murphy_0002.jpg,0
lfw/Jean-Sebastien_Giguere/Jean-Sebastien_Giguere_0001.jpg,lfw/Joshua_Davey/Joshua_Davey_0001.jpg,0
lfw/Cristian_Barros/Cristian_Barros_0001.jpg,lfw/Miranda_Otto/Miranda_Otto_0001.jpg,0
lfw/Claude_Jorda/Claude_Jorda_0001.jpg,lfw/Darko_Milicic/Darko_Milicic_0001.jpg,0
lfw/Lene_Espersen/Lene_Espersen_0001.jpg,lfw/San_Lan/San_Lan_0001.jpg,0
lfw/Ben_Braun/Ben_Braun_0001.jpg,lfw/Dionyssis_Georgiadis/Dionyssis_Georgiadis_0001.jpg,0
lfw/Heidi_Fleiss/Heidi_Fleiss_0001.jpg,lfw/Heidi_Fleiss/Heidi_Fleiss_0003.jpg,1
lfw/Geoffrey_Rush/Geoffrey_Rush_0001.jpg,lfw/Li_Changchun/Li_Changchun_0001.jpg,0
lfw/John_Anderson/John_Anderson_0001.jpg,lfw/Katerina_Smrzova/Katerina_Smrzova_0001.jpg,0
lfw/Bill_Pryor/Bill_Pryor_0001.jpg,lfw/Wes_Craven/Wes_Craven_0001.jpg,0
lfw/John_Perrota/John_Perrota_0001.jpg,lfw/Olene_Walker/Olene_Walker_0001.jpg,0
lfw/Alison_Lohman/Alison_Lohman_0001.jpg,lfw/Lyudmila_Putin/Lyudmila_Putin_0001.jpg,0
lfw/Jim_Thome/Jim_Thome_0001.jpg,lfw/Kevin_Keegan/Kevin_Keegan_0001.jpg,0
lfw/Anne_Krueger/Anne_Krueger_0001.jpg,lfw/Anne_Krueger/Anne_Krueger_0002.jpg,1
lfw/Al_Gore/Al_Gore_0006.jpg,lfw/Jeff_Weaver/Jeff_Weaver_0001.jpg,0
lfw/Colin_Farrell/Colin_Farrell_0007.jpg,lfw/Rudolph_Holton/Rudolph_Holton_0001.jpg,0
lfw/Columba_Bush/Columba_Bush_0001.jpg,lfw/Paul_Walker/Paul_Walker_0001.jpg,0
lfw/Miguel_Contreras/Miguel_Contreras_0001.jpg,lfw/Miguel_Contreras/Miguel_Contreras_0002.jpg,1
lfw/Blythe_Hartley/Blythe_Hartley_0002.jpg,lfw/Masahiko_Nagasawa/Masahiko_Nagasawa_0001.jpg,0
lfw/Natalie_Maines/Natalie_Maines_0002.jpg,lfw/Natalie_Maines/Natalie_Maines_0004.jpg,1
lfw/Greg_Ostertag/Greg_Ostertag_0001.jpg,lfw/Greg_Ostertag/Greg_Ostertag_0002.jpg,1
lfw/Ernie_Preate/Ernie_Preate_0001.jpg,lfw/Farouk_al-Sharaa/Farouk_al-Sharaa_0001.jpg,0
lfw/Gisele_Bundchen/Gisele_Bundchen_0001.jpg,lfw/Suzanne_Gaudet/Suzanne_Gaudet_0001.jpg,0
lfw/Brittany_Snow/Brittany_Snow_0001.jpg,lfw/Jim_Bunning/Jim_Bunning_0001.jpg,0
lfw/Jia_Qinglin/Jia_Qinglin_0001.jpg,lfw/Marcelo_Salas/Marcelo_Salas_0002.jpg,0
lfw/Julio_Iglesias_Jr/Julio_Iglesias_Jr_0001.jpg,lfw/Justin_Marshall/Justin_Marshall_0001.jpg,0
lfw/Ally_Sheedy/Ally_Sheedy_0001.jpg,lfw/Arsinee_Khanjian/Arsinee_Khanjian_0001.jpg,0
lfw/Bernard_Law/Bernard_Law_0003.jpg,lfw/Qian_Qichen/Qian_Qichen_0001.jpg,0
lfw/Minnie_Driver/Minnie_Driver_0001.jpg,lfw/Penny_Dupuie/Penny_Dupuie_0001.jpg,0
lfw/Gary_Barnett/Gary_Barnett_0001.jpg,lfw/Sophie/Sophie_0001.jpg,0
lfw/Leonid_Kuchma/Leonid_Kuchma_0001.jpg,lfw/Leonid_Kuchma/Leonid_Kuchma_0006.jpg,1
lfw/Mahmoud_Al_Zhar/Mahmoud_Al_Zhar_0001.jpg,lfw/Takaloo/Takaloo_0001.jpg,0
lfw/Sara_Silverman/Sara_Silverman_0001.jpg,lfw/Stephen_Friedman/Stephen_Friedman_0001.jpg,0
lfw/Antwun_Echols/Antwun_Echols_0001.jpg,lfw/Henry_Hyde/Henry_Hyde_0001.jpg,0
lfw/Diana_Krall/Diana_Krall_0003.jpg,lfw/Thomas_Wyman/Thomas_Wyman_0002.jpg,0
lfw/Jacques_Kallis/Jacques_Kallis_0001.jpg,lfw/Robert_Towne/Robert_Towne_0001.jpg,0
lfw/Hamid_Efendi/Hamid_Efendi_0001.jpg,lfw/Wolfgang_Schuessel/Wolfgang_Schuessel_0004.jpg,0
lfw/Warren_Beatty/Warren_Beatty_0001.jpg,lfw/Warren_Beatty/Warren_Beatty_0002.jpg,1
lfw/Shawn_Kemp/Shawn_Kemp_0001.jpg,lfw/Steven_Seagal/Steven_Seagal_0001.jpg,0
lfw/Pedro_Velasquez/Pedro_Velasquez_0001.jpg,lfw/Will_Ferrell/Will_Ferrell_0001.jpg,0
lfw/Frank_Coraci/Frank_Coraci_0001.jpg,lfw/Julius_Barnes/Julius_Barnes_0001.jpg,0
lfw/Daniel_Rouse/Daniel_Rouse_0001.jpg,lfw/Talisa_Bratt/Talisa_Bratt_0001.jpg,0
lfw/Arthur_Martinez/Arthur_Martinez_0001.jpg,lfw/Brad_Wilk/Brad_Wilk_0001.jpg,0
lfw/Charlotte_Casiraghi/Charlotte_Casiraghi_0001.jpg,lfw/Jan_Pronk/Jan_Pronk_0001.jpg,0
lfw/Camryn_Manheim/Camryn_Manheim_0001.jpg,lfw/Simona_Hradil/Simona_Hradil_0001.jpg,0
lfw/Dave_Tucker/Dave_Tucker_0001.jpg,lfw/Scott_Peterson/Scott_Peterson_0002.jpg,0
lfw/Ben_Affleck/Ben_Affleck_0003.jpg,lfw/Ben_Affleck/Ben_Affleck_0006.jpg,1
lfw/Cabas/Cabas_0001.jpg,lfw/John_Dallager/John_Dallager_0001.jpg,0
lfw/Tim_Howard/Tim_Howard_0001.jpg,lfw/Tom_Reilly/Tom_Reilly_0001.jpg,0
lfw/Julie_Gerberding/Julie_Gerberding_0007.jpg,lfw/Julie_Gerberding/Julie_Gerberding_0012.jpg,1
lfw/Ryan_Leaf/Ryan_Leaf_0001.jpg,lfw/Wilson_Alvarez/Wilson_Alvarez_0001.jpg,0
lfw/Vytas_Danelius/Vytas_Danelius_0001.jpg,lfw/Zaini_Abdullah/Zaini_Abdullah_0001.jpg,0
lfw/Alain_Ducasse/Alain_Ducasse_0001.jpg,lfw/Flavia_Delaroli/Flavia_Delaroli_0001.jpg,0
lfw/Jiang_Zemin/Jiang_Zemin_0012.jpg,lfw/Jiang_Zemin/Jiang_Zemin_0015.jpg,1
lfw/Joy_Lee_Sadler/Joy_Lee_Sadler_0001.jpg,lfw/Richard_Palmer/Richard_Palmer_0001.jpg,0
lfw/Pringe_Ernst_August/Pringe_Ernst_August_0001.jpg,lfw/Rose_Marie/Rose_Marie_0001.jpg,0
lfw/Amelie_Mauresmo/Amelie_Mauresmo_0001.jpg,lfw/Amelie_Mauresmo/Amelie_Mauresmo_0021.jpg,1
lfw/Bob_Beauprez/Bob_Beauprez_0001.jpg,lfw/Patsy_Mink/Patsy_Mink_0001.jpg,0
lfw/Bob_Melvin/Bob_Melvin_0001.jpg,lfw/Eileen_Coparropa/Eileen_Coparropa_0002.jpg,0
lfw/Rich_Gannon/Rich_Gannon_0001.jpg,lfw/Rich_Gannon/Rich_Gannon_0002.jpg,1
lfw/George_Robertson/George_Robertson_0005.jpg,lfw/George_Robertson/George_Robertson_0020.jpg,1
lfw/Colleen_Atwood/Colleen_Atwood_0001.jpg,lfw/Luis_Fonsi/Luis_Fonsi_0001.jpg,0
lfw/Fernando_Hierro/Fernando_Hierro_0001.jpg,lfw/Julio_Rossi/Julio_Rossi_0001.jpg,0
lfw/Ahmed_Ahmed/Ahmed_Ahmed_0001.jpg,lfw/David_Canary/David_Canary_0001.jpg,0
lfw/Bruno_Junquiera/Bruno_Junquiera_0001.jpg,lfw/Edgar_Savisaar/Edgar_Savisaar_0001.jpg,0
lfw/Fernando_Alonso/Fernando_Alonso_0001.jpg,lfw/Mahendra_Chaudhry/Mahendra_Chaudhry_0001.jpg,0
lfw/Charlotte_Casiraghi/Charlotte_Casiraghi_0001.jpg,lfw/Paddy_Long/Paddy_Long_0001.jpg,0
lfw/Elizabeth_Smart/Elizabeth_Smart_0001.jpg,lfw/Elizabeth_Smart/Elizabeth_Smart_0005.jpg,1
lfw/Pedro_Velasquez/Pedro_Velasquez_0001.jpg,lfw/Queen_Rania/Queen_Rania_0004.jpg,0
lfw/Edward_Lohn/Edward_Lohn_0001.jpg,lfw/Shingo_Suetsugu/Shingo_Suetsugu_0001.jpg,0
lfw/Abdullah/Abdullah_0001.jpg,lfw/Dwain_Kyles/Dwain_Kyles_0001.jpg,0
lfw/Darren_Clarke/Darren_Clarke_0001.jpg,lfw/William_Swor/William_Swor_0001.jpg,0
lfw/Aly_Wagner/Aly_Wagner_0001.jpg,lfw/John_Perrota/John_Perrota_0001.jpg,0
lfw/Tang_Jiaxuan/Tang_Jiaxuan_0001.jpg,lfw/Tang_Jiaxuan/Tang_Jiaxuan_0010.jpg,1
lfw/Joel_Gallen/Joel_Gallen_0001.jpg,lfw/Martin_Scorsese/Martin_Scorsese_0001.jpg,0
lfw/Sean_Patrick_OMalley/Sean_Patrick_OMalley_0002.jpg,lfw/Sean_Patrick_OMalley/Sean_Patrick_OMalley_0003.jpg,1
lfw/Stefano_Accorsi/Stefano_Accorsi_0001.jpg,lfw/Stefano_Accorsi/Stefano_Accorsi_0002.jpg,1
lfw/Carly_Fiorina/Carly_Fiorina_0002.jpg,lfw/Khalid_Qazi/Khalid_Qazi_0001.jpg,0
lfw/Amy_Cotton/Amy_Cotton_0001.jpg,lfw/Curt_Weldon/Curt_Weldon_0001.jpg,0
lfw/King_Abdullah_II/King_Abdullah_II_0001.jpg,lfw/King_Abdullah_II/King_Abdullah_II_0003.jpg,1
lfw/Jimmy_Smits/Jimmy_Smits_0001.jpg,lfw/Peter_Harvey/Peter_Harvey_0001.jpg,0
lfw/Bill_Walton/Bill_Walton_0001.jpg,lfw/Gary_Marshall/Gary_Marshall_0001.jpg,0
lfw/Edward_Lu/Edward_Lu_0002.jpg,lfw/Edward_Lu/Edward_Lu_0004.jpg,1
lfw/Felipe_Perez_Roque/Felipe_Perez_Roque_0001.jpg,lfw/Felipe_Perez_Roque/Felipe_Perez_Roque_0004.jpg,1
lfw/Padraig_Harrington/Padraig_Harrington_0001.jpg,lfw/Padraig_Harrington/Padraig_Harrington_0003.jpg,1
lfw/Abdel_Nasser_Assidi/Abdel_Nasser_Assidi_0002.jpg,lfw/Hilary_McKay/Hilary_McKay_0001.jpg,0
lfw/Elizabeth_Smart/Elizabeth_Smart_0003.jpg,lfw/Elizabeth_Smart/Elizabeth_Smart_0004.jpg,1
lfw/Chris_Cooper/Chris_Cooper_0001.jpg,lfw/Jason_Statham/Jason_Statham_0001.jpg,0
lfw/Charles_Bell/Charles_Bell_0001.jpg,lfw/James_Carville/James_Carville_0001.jpg,0
lfw/Richie_Adubato/Richie_Adubato_0001.jpg,lfw/Richie_Adubato/Richie_Adubato_0002.jpg,1
lfw/Shannon_OBrien/Shannon_OBrien_0001.jpg,lfw/Shannon_OBrien/Shannon_OBrien_0002.jpg,1
lfw/Elsa_Zylberstein/Elsa_Zylberstein_0003.jpg,lfw/Elsa_Zylberstein/Elsa_Zylberstein_0006.jpg,1
lfw/Candice_Bergen/Candice_Bergen_0001.jpg,lfw/Candice_Bergen/Candice_Bergen_0003.jpg,1
lfw/Duncan_Fletcher/Duncan_Fletcher_0001.jpg,lfw/Nikki_McKibbin/Nikki_McKibbin_0001.jpg,0
lfw/Justine_Henin/Justine_Henin_0001.jpg,lfw/Justine_Henin/Justine_Henin_0003.jpg,1
lfw/Jan_Petersen/Jan_Petersen_0001.jpg,lfw/Tom_Miller/Tom_Miller_0001.jpg,0
lfw/Maureen_Kanka/Maureen_Kanka_0001.jpg,lfw/Normand_Legault/Normand_Legault_0001.jpg,0
lfw/Horst_Koehler/Horst_Koehler_0001.jpg,lfw/Horst_Koehler/Horst_Koehler_0003.jpg,1
lfw/Pierce_Brosnan/Pierce_Brosnan_0004.jpg,lfw/Pierce_Brosnan/Pierce_Brosnan_0012.jpg,1
lfw/Cindy_Margolis/Cindy_Margolis_0001.jpg,lfw/Rachel_Wadsworth/Rachel_Wadsworth_0001.jpg,0
lfw/Caio_Blat/Caio_Blat_0001.jpg,lfw/Teresa_Worbis/Teresa_Worbis_0001.jpg,0
lfw/Natalia_Dmitrieva/Natalia_Dmitrieva_0001.jpg,lfw/Yoshiyuki_Kamei/Yoshiyuki_Kamei_0001.jpg,0
lfw/Jesus_Cardenal/Jesus_Cardenal_0001.jpg,lfw/Ruben_Studdard/Ruben_Studdard_0001.jpg,0
lfw/Denzel_Washington/Denzel_Washington_0002.jpg,lfw/Denzel_Washington/Denzel_Washington_0005.jpg,1
lfw/Winona_Ryder/Winona_Ryder_0006.jpg,lfw/Winona_Ryder/Winona_Ryder_0015.jpg,1
lfw/Andrew_Fastow/Andrew_Fastow_0001.jpg,lfw/Suzie_McConnell_Serio/Suzie_McConnell_Serio_0001.jpg,0
lfw/Ian_Thorpe/Ian_Thorpe_0002.jpg,lfw/Ian_Thorpe/Ian_Thorpe_0007.jpg,1
lfw/Eliane_Karp/Eliane_Karp_0001.jpg,lfw/Eliane_Karp/Eliane_Karp_0004.jpg,1
lfw/Marcus_Garrettson/Marcus_Garrettson_0001.jpg,lfw/Rosalie_Perkov/Rosalie_Perkov_0001.jpg,0
lfw/Joey_Mantia/Joey_Mantia_0001.jpg,lfw/Mitar_Rasevic/Mitar_Rasevic_0001.jpg,0
lfw/Chen_Kaige/Chen_Kaige_0001.jpg,lfw/Manfred_Reyes_Villa/Manfred_Reyes_Villa_0001.jpg,0
lfw/George_Robertson/George_Robertson_0015.jpg,lfw/George_Robertson/George_Robertson_0022.jpg,1
lfw/Alexander_Payne/Alexander_Payne_0001.jpg,lfw/Patrice_Chereau/Patrice_Chereau_0001.jpg,0
lfw/Alvaro_Uribe/Alvaro_Uribe_0007.jpg,lfw/Alvaro_Uribe/Alvaro_Uribe_0010.jpg,1
lfw/Tammy_Helm/Tammy_Helm_0001.jpg,lfw/Taufik_Kiemas/Taufik_Kiemas_0001.jpg,0
lfw/Andrew_Weissmann/Andrew_Weissmann_0001.jpg,lfw/Johnny_Benson/Johnny_Benson_0001.jpg,0
lfw/Andrea_Yates/Andrea_Yates_0001.jpg,lfw/Andy_Wisecarver/Andy_Wisecarver_0001.jpg,0
lfw/Dominique_de_Villepin/Dominique_de_Villepin_0003.jpg,lfw/Dominique_de_Villepin/Dominique_de_Villepin_0005.jpg,1
lfw/AJ_Cook/AJ_Cook_0001.jpg,lfw/Marsha_Thomason/Marsha_Thomason_0001.jpg,0
lfw/Jennifer_Keller/Jennifer_Keller_0003.jpg,lfw/Jennifer_Keller/Jennifer_Keller_0004.jpg,1
lfw/Sergey_Lavrov/Sergey_Lavrov_0001.jpg,lfw/Sergey_Lavrov/Sergey_Lavrov_0010.jpg,1
lfw/Hamad_Bin_Jassim/Hamad_Bin_Jassim_0001.jpg,lfw/Yukio_Hatoyama/Yukio_Hatoyama_0001.jpg,0
lfw/Laurie_Pirtle/Laurie_Pirtle_0001.jpg,lfw/Porter_Goss/Porter_Goss_0001.jpg,0
lfw/Carlos_Savedra/Carlos_Savedra_0001.jpg,lfw/Chris_Neil/Chris_Neil_0001.jpg,0
lfw/Kristin_Davis/Kristin_Davis_0002.jpg,lfw/Kristin_Davis/Kristin_Davis_0003.jpg,1
lfw/Mireille_Jospin-Dandieu/Mireille_Jospin-Dandieu_0001.jpg,lfw/Ricardo_Lopez_Murphy/Ricardo_Lopez_Murphy_0002.jpg,0
lfw/Franck_Cerutti/Franck_Cerutti_0001.jpg,lfw/Sheldon_Silver/Sheldon_Silver_0001.jpg,0
lfw/BB_King/BB_King_0001.jpg,lfw/Benjamin_Martinez/Benjamin_Martinez_0001.jpg,0
lfw/Anthony_Mazur/Anthony_Mazur_0001.jpg,lfw/Kim_Hong-up/Kim_Hong-up_0001.jpg,0
lfw/Angel_Maza/Angel_Maza_0001.jpg,lfw/Juliette_Lewis/Juliette_Lewis_0001.jpg,0
lfw/Ismael_Miranda/Ismael_Miranda_0001.jpg,lfw/John_Malkovich/John_Malkovich_0001.jpg,0
lfw/Larry_Wilmore/Larry_Wilmore_0001.jpg,lfw/Laura_Gobai/Laura_Gobai_0001.jpg,0
lfw/Bridget_Fonda/Bridget_Fonda_0001.jpg,lfw/Bridget_Fonda/Bridget_Fonda_0003.jpg,1
lfw/Eddie_Compass/Eddie_Compass_0001.jpg,lfw/Jean_Brumley/Jean_Brumley_0001.jpg,0
lfw/Vicente_Fernandez/Vicente_Fernandez_0002.jpg,lfw/Vicente_Fernandez/Vicente_Fernandez_0005.jpg,1
lfw/Pernilla_Bjorn/Pernilla_Bjorn_0001.jpg,lfw/Sanjay_Gupta/Sanjay_Gupta_0001.jpg,0
lfw/Alejandro_Lembo/Alejandro_Lembo_0001.jpg,lfw/Azmi_Bishara/Azmi_Bishara_0001.jpg,0
lfw/Mohamed_ElBaradei/Mohamed_ElBaradei_0004.jpg,lfw/Mohamed_ElBaradei/Mohamed_ElBaradei_0005.jpg,1
lfw/Stan_Heath/Stan_Heath_0001.jpg,lfw/Stan_Heath/Stan_Heath_0002.jpg,1
lfw/Ahmed_Lopez/Ahmed_Lopez_0001.jpg,lfw/Ray_Morrough/Ray_Morrough_0001.jpg,0
lfw/Edmund_Stoiber/Edmund_Stoiber_0005.jpg,lfw/Kenneth_Carlsen/Kenneth_Carlsen_0001.jpg,0
lfw/Habib_Rizieq/Habib_Rizieq_0004.jpg,lfw/Zhong_Nanshan/Zhong_Nanshan_0001.jpg,0
lfw/Katie_Couric/Katie_Couric_0001.jpg,lfw/Richard_Cohen/Richard_Cohen_0001.jpg,0
lfw/Derek_Jeter/Derek_Jeter_0002.jpg,lfw/Derek_Jeter/Derek_Jeter_0003.jpg,1
lfw/Dale_Bosworth/Dale_Bosworth_0001.jpg,lfw/Tyrone_Medley/Tyrone_Medley_0001.jpg,0
lfw/Jason_Biggs/Jason_Biggs_0001.jpg,lfw/Rick_Barnes/Rick_Barnes_0002.jpg,0
lfw/Lisa_Stansfield/Lisa_Stansfield_0001.jpg,lfw/Urmila_Matondkar/Urmila_Matondkar_0001.jpg,0
lfw/Bono/Bono_0001.jpg,lfw/Bono/Bono_0002.jpg,1
lfw/Mary_Landrieu/Mary_Landrieu_0001.jpg,lfw/Mary_Landrieu/Mary_Landrieu_0003.jpg,1
lfw/Bill_McBride/Bill_McBride_0003.jpg,lfw/Bill_McBride/Bill_McBride_0009.jpg,1
lfw/John_White/John_White_0001.jpg,lfw/Mikhail_Shvydkoi/Mikhail_Shvydkoi_0001.jpg,0
lfw/Syed_Ibrahim/Syed_Ibrahim_0001.jpg,lfw/Tim_Chapman/Tim_Chapman_0001.jpg,0
lfw/Arnie_Boehm/Arnie_Boehm_0001.jpg,lfw/Natasa_Micic/Natasa_Micic_0001.jpg,0
lfw/Naomi_Bronstein/Naomi_Bronstein_0001.jpg,lfw/Rainer_Geulen/Rainer_Geulen_0001.jpg,0
lfw/Neri_Marcore/Neri_Marcore_0001.jpg,lfw/Wolfgang_Schuessel/Wolfgang_Schuessel_0002.jpg,0
lfw/Michael_Phelps/Michael_Phelps_0001.jpg,lfw/Michael_Phelps/Michael_Phelps_0003.jpg,1
lfw/Ana_Palacio/Ana_Palacio_0001.jpg,lfw/Ana_Palacio/Ana_Palacio_0006.jpg,1
lfw/Hasan_Wirayuda/Hasan_Wirayuda_0001.jpg,lfw/Monique_Gagnon-Tremblay/Monique_Gagnon-Tremblay_0001.jpg,0
lfw/Jimmy_Lee/Jimmy_Lee_0001.jpg,lfw/Steve_McManaman/Steve_McManaman_0001.jpg,0
lfw/Catriona_Le_May_Doan/Catriona_Le_May_Doan_0001.jpg,lfw/Paul_Henderson/Paul_Henderson_0001.jpg,0
lfw/Geraldo_Rivera/Geraldo_Rivera_0001.jpg,lfw/Jennifer_Aniston/Jennifer_Aniston_0013.jpg,0
lfw/Ari_Fleischer/Ari_Fleischer_0001.jpg,lfw/Janet_Leigh/Janet_Leigh_0001.jpg,0
lfw/Fabrice_Santoro/Fabrice_Santoro_0003.jpg,lfw/Jennifer_Lopez/Jennifer_Lopez_0009.jpg,0
lfw/Dimitar_Berbatov/Dimitar_Berbatov_0001.jpg,lfw/Naomi_Bronstein/Naomi_Bronstein_0001.jpg,0
lfw/Elsa_Zylberstein/Elsa_Zylberstein_0001.jpg,lfw/Elsa_Zylberstein/Elsa_Zylberstein_0002.jpg,1
lfw/Dana_Vollmer/Dana_Vollmer_0001.jpg,lfw/Frank_Griswold/Frank_Griswold_0002.jpg,0
lfw/Elijan_Ingram/Elijan_Ingram_0001.jpg,lfw/Thomas_Wilkens/Thomas_Wilkens_0001.jpg,0
lfw/Linda_Baboolal/Linda_Baboolal_0001.jpg,lfw/Michael_J_Fox/Michael_J_Fox_0001.jpg,0
lfw/Jim_Wall/Jim_Wall_0001.jpg,lfw/Mary_Blige/Mary_Blige_0001.jpg,0
lfw/Priscilla_Presley/Priscilla_Presley_0001.jpg,lfw/Priscilla_Presley/Priscilla_Presley_0002.jpg,1
lfw/Clemente_de_la_Vega/Clemente_de_la_Vega_0001.jpg,lfw/Keith_Brown/Keith_Brown_0001.jpg,0
lfw/Penny_Lancaster/Penny_Lancaster_0001.jpg,lfw/Sven_Ottke/Sven_Ottke_0001.jpg,0
lfw/Annette_Lu/Annette_Lu_0001.jpg,lfw/Annette_Lu/Annette_Lu_0003.jpg,1
lfw/Jack_LaLanne/Jack_LaLanne_0001.jpg,lfw/Zafarullah_Khan_Jamali/Zafarullah_Khan_Jamali_0002.jpg,0
lfw/George_Karl/George_Karl_0001.jpg,lfw/George_Karl/George_Karl_0002.jpg,1
lfw/Paul_Burrell/Paul_Burrell_0004.jpg,lfw/Paul_Burrell/Paul_Burrell_0010.jpg,1
lfw/David_Myers/David_Myers_0002.jpg,lfw/Kenny_Brack/Kenny_Brack_0001.jpg,0
lfw/Mireya_Moscoso/Mireya_Moscoso_0001.jpg,lfw/Mireya_Moscoso/Mireya_Moscoso_0003.jpg,1
lfw/Alexandre_Vinokourov/Alexandre_Vinokourov_0001.jpg,lfw/Bill_Rainer/Bill_Rainer_0001.jpg,0
lfw/Jafar_Umar_Thalib/Jafar_Umar_Thalib_0001.jpg,lfw/John_Rigas/John_Rigas_0001.jpg,0
lfw/Jim_Thome/Jim_Thome_0001.jpg,lfw/Roger_King/Roger_King_0001.jpg,0
lfw/Tang_Jiaxuan/Tang_Jiaxuan_0001.jpg,lfw/Tang_Jiaxuan/Tang_Jiaxuan_0009.jpg,1
lfw/Adel_Al-Jubeir/Adel_Al-Jubeir_0001.jpg,lfw/Adel_Al-Jubeir/Adel_Al-Jubeir_0003.jpg,1
lfw/Dennis_Kucinich/Dennis_Kucinich_0006.jpg,lfw/Terry_Hoeppner/Terry_Hoeppner_0001.jpg,0
lfw/Chuck_Yeager/Chuck_Yeager_0002.jpg,lfw/Jacqueline_Obradors/Jacqueline_Obradors_0001.jpg,0
lfw/Leonardo_DiCaprio/Leonardo_DiCaprio_0003.jpg,lfw/Leonardo_DiCaprio/Leonardo_DiCaprio_0007.jpg,1
lfw/Matthew_Broderick/Matthew_Broderick_0001.jpg,lfw/Matthew_Broderick/Matthew_Broderick_0004.jpg,1
lfw/Paradorn_Srichaphan/Paradorn_Srichaphan_0007.jpg,lfw/Wolfgang_Schuessel/Wolfgang_Schuessel_0002.jpg,0
lfw/Mickey_Rooney/Mickey_Rooney_0001.jpg,lfw/Mickey_Sherman/Mickey_Sherman_0001.jpg,0
lfw/Natalia_Dmitrieva/Natalia_Dmitrieva_0001.jpg,lfw/Yana_Klochkova/Yana_Klochkova_0001.jpg,0
lfw/Joseph_Kabila/Joseph_Kabila_0001.jpg,lfw/Tabare_Vazquez/Tabare_Vazquez_0001.jpg,0
lfw/Li_Changchun/Li_Changchun_0001.jpg,lfw/Noel_Forgeard/Noel_Forgeard_0001.jpg,0
lfw/Bernardo_Segura/Bernardo_Segura_0002.jpg,lfw/Ray_Romano/Ray_Romano_0009.jpg,0
lfw/Gianna_Angelopoulos-Daskalaki/Gianna_Angelopoulos-Daskalaki_0001.jpg,lfw/Rita_Wilson/Rita_Wilson_0003.jpg,0
lfw/Ignacio_Antonio_Velasco/Ignacio_Antonio_Velasco_0001.jpg,lfw/Lionel_Richie/Lionel_Richie_0002.jpg,0
lfw/Eric_Robert_Rudolph/Eric_Robert_Rudolph_0001.jpg,lfw/Philippe_Gagnon/Philippe_Gagnon_0001.jpg,0
lfw/Elisabeth_Schumacher/Elisabeth_Schumacher_0001.jpg,lfw/Elisabeth_Schumacher/Elisabeth_Schumacher_0002.jpg,1
lfw/Luis_Guzman/Luis_Guzman_0001.jpg,lfw/Thomas_Ulrich/Thomas_Ulrich_0001.jpg,0
lfw/David_Siegel/David_Siegel_0001.jpg,lfw/Timothy_Rigas/Timothy_Rigas_0001.jpg,0
lfw/Frank_Cassell/Frank_Cassell_0001.jpg,lfw/Frank_Cassell/Frank_Cassell_0002.jpg,1
lfw/Kirk_Johnson/Kirk_Johnson_0001.jpg,lfw/Uzi_Even/Uzi_Even_0001.jpg,0
lfw/James_McPherson/James_McPherson_0001.jpg,lfw/Ralph_Klein/Ralph_Klein_0002.jpg,0
lfw/Kwon_Yang-sook/Kwon_Yang-sook_0003.jpg,lfw/Princess_Masako/Princess_Masako_0002.jpg,0
lfw/Maria_Wetterstrand/Maria_Wetterstrand_0001.jpg,lfw/Tori_Amos/Tori_Amos_0001.jpg,0
lfw/Paul_Burrell/Paul_Burrell_0005.jpg,lfw/Paul_Burrell/Paul_Burrell_0011.jpg,1
lfw/Cuba_Gooding_Jr/Cuba_Gooding_Jr_0001.jpg,lfw/Lee_Byung-woong/Lee_Byung-woong_0001.jpg,0
lfw/Mitsou_Gelinas/Mitsou_Gelinas_0001.jpg,lfw/Yana_Klochkova/Yana_Klochkova_0001.jpg,0
lfw/Bob_Stoops/Bob_Stoops_0002.jpg,lfw/David_Siegel/David_Siegel_0001.jpg,0
lfw/James_Barksdale/James_Barksdale_0001.jpg,lfw/Tom_DeLay/Tom_DeLay_0001.jpg,0
lfw/Jeffrey_Donaldson/Jeffrey_Donaldson_0001.jpg,lfw/Joe_Metz/Joe_Metz_0001.jpg,0
lfw/Bob_Ferguson/Bob_Ferguson_0001.jpg,lfw/Jean-Francois_Pontal/Jean-Francois_Pontal_0001.jpg,0
lfw/Lars_Von_Trier/Lars_Von_Trier_0001.jpg,lfw/Leon_Silver/Leon_Silver_0001.jpg,0
lfw/Inga_Hall/Inga_Hall_0001.jpg,lfw/Jorge_Alberto_Galindo/Jorge_Alberto_Galindo_0001.jpg,0
lfw/Justin_Marshall/Justin_Marshall_0001.jpg,lfw/Queen_Sofia/Queen_Sofia_0001.jpg,0
lfw/Bill_McBride/Bill_McBride_0002.jpg,lfw/Bill_McBride/Bill_McBride_0006.jpg,1
lfw/Donald_Rumsfeld/Donald_Rumsfeld_0041.jpg,lfw/Donald_Rumsfeld/Donald_Rumsfeld_0048.jpg,1
lfw/Ben_Kingsley/Ben_Kingsley_0001.jpg,lfw/Rob_Marshall/Rob_Marshall_0005.jpg,0
lfw/Ralf_Schumacher/Ralf_Schumacher_0001.jpg,lfw/Ralf_Schumacher/Ralf_Schumacher_0006.jpg,1
lfw/Ira_Einhorn/Ira_Einhorn_0001.jpg,lfw/William_Shatner/William_Shatner_0001.jpg,0
lfw/Martha_Burk/Martha_Burk_0002.jpg,lfw/Martha_Burk/Martha_Burk_0004.jpg,1
lfw/Paddy_Torsney/Paddy_Torsney_0001.jpg,lfw/Scott_Rudin/Scott_Rudin_0002.jpg,0
lfw/Pedro_Malan/Pedro_Malan_0001.jpg,lfw/Pedro_Malan/Pedro_Malan_0002.jpg,1
lfw/Augustin_Calleri/Augustin_Calleri_0001.jpg,lfw/Augustin_Calleri/Augustin_Calleri_0004.jpg,1
lfw/Pedro_Malan/Pedro_Malan_0001.jpg,lfw/Pedro_Malan/Pedro_Malan_0004.jpg,1
lfw/Gary_Coleman/Gary_Coleman_0001.jpg,lfw/Michael_Powell/Michael_Powell_0005.jpg,0
lfw/Platon_Lebedev/Platon_Lebedev_0001.jpg,lfw/Ray_Young/Ray_Young_0001.jpg,0
lfw/James_W_Kennedy/James_W_Kennedy_0001.jpg,lfw/Joan_Collins/Joan_Collins_0001.jpg,0
lfw/Barbara_Walters/Barbara_Walters_0002.jpg,lfw/Martin_Scorsese/Martin_Scorsese_0002.jpg,0
lfw/Surakait_Sathirathai/Surakait_Sathirathai_0001.jpg,lfw/Surakait_Sathirathai/Surakait_Sathirathai_0002.jpg,1
lfw/Spike_Helmick/Spike_Helmick_0001.jpg,lfw/Stephen_Webster/Stephen_Webster_0001.jpg,0
lfw/Masja_Juel/Masja_Juel_0001.jpg,lfw/Razali_Ismail/Razali_Ismail_0001.jpg,0
lfw/Natalie_Cole/Natalie_Cole_0003.jpg,lfw/Steve_McManaman/Steve_McManaman_0001.jpg,0
lfw/Kenneth_Evans/Kenneth_Evans_0001.jpg,lfw/Kenneth_Evans/Kenneth_Evans_0002.jpg,1
lfw/Georgi_Parvanov/Georgi_Parvanov_0001.jpg,lfw/Georgi_Parvanov/Georgi_Parvanov_0002.jpg,1
lfw/Jeffrey_Scott_Postell/Jeffrey_Scott_Postell_0001.jpg,lfw/Linda_Baboolal/Linda_Baboolal_0001.jpg,0
lfw/Adisai_Bodharamik/Adisai_Bodharamik_0001.jpg,lfw/Mel_Brooks/Mel_Brooks_0002.jpg,0
lfw/Larry_Coker/Larry_Coker_0002.jpg,lfw/Larry_Coker/Larry_Coker_0004.jpg,1
lfw/Dai_Bachtiar/Dai_Bachtiar_0001.jpg,lfw/Dai_Bachtiar/Dai_Bachtiar_0002.jpg,1
lfw/Igor_Trunov/Igor_Trunov_0001.jpg,lfw/Steve_Avery/Steve_Avery_0001.jpg,0
lfw/Denzel_Washington/Denzel_Washington_0002.jpg,lfw/Denzel_Washington/Denzel_Washington_0004.jpg,1
lfw/Gwendal_Peizerat/Gwendal_Peizerat_0001.jpg,lfw/Gwendal_Peizerat/Gwendal_Peizerat_0002.jpg,1
lfw/Ray_Nagin/Ray_Nagin_0002.jpg,lfw/Thomas_Enqvist/Thomas_Enqvist_0001.jpg,0
lfw/Pamela_Anderson/Pamela_Anderson_0002.jpg,lfw/Stan_Kroenke/Stan_Kroenke_0001.jpg,0
lfw/Daisy_Fuentes/Daisy_Fuentes_0003.jpg,lfw/Daisy_Fuentes/Daisy_Fuentes_0004.jpg,1
lfw/Larry_Brown/Larry_Brown_0006.jpg,lfw/Prince_Philippe/Prince_Philippe_0001.jpg,0
lfw/Kate_Winslet/Kate_Winslet_0001.jpg,lfw/Luis_Gonzalez/Luis_Gonzalez_0001.jpg,0
lfw/Ben_Lee/Ben_Lee_0001.jpg,lfw/Mike_Holmgren/Mike_Holmgren_0001.jpg,0
lfw/Jonathan_Karsh/Jonathan_Karsh_0001.jpg,lfw/Mahmoud_Diyab_al-Ahmed/Mahmoud_Diyab_al-Ahmed_0001.jpg,0
lfw/Natasa_Micic/Natasa_Micic_0001.jpg,lfw/Simona_Hradil/Simona_Hradil_0001.jpg,0
lfw/Bob_Stoops/Bob_Stoops_0004.jpg,lfw/Yoelbi_Quesada/Yoelbi_Quesada_0001.jpg,0
lfw/Robbie_Fowler/Robbie_Fowler_0001.jpg,lfw/Robbie_Fowler/Robbie_Fowler_0002.jpg,1
lfw/Kim_Yong-il/Kim_Yong-il_0001.jpg,lfw/Kim_Yong-il/Kim_Yong-il_0002.jpg,1
lfw/Retief_Goosen/Retief_Goosen_0001.jpg,lfw/Tuncay_Sanli/Tuncay_Sanli_0001.jpg,0
lfw/Gregg_Berhalter/Gregg_Berhalter_0001.jpg,lfw/Juan_Manuel_Marquez/Juan_Manuel_Marquez_0001.jpg,0
lfw/Benjamin_Bratt/Benjamin_Bratt_0001.jpg,lfw/Mark_Geragos/Mark_Geragos_0001.jpg,0
lfw/Gordana_Grubin/Gordana_Grubin_0001.jpg,lfw/Scott_Verplank/Scott_Verplank_0001.jpg,0
lfw/Chan_Choi/Chan_Choi_0001.jpg,lfw/Helmut_Panke/Helmut_Panke_0001.jpg,0
lfw/Brian_Pavlich/Brian_Pavlich_0001.jpg,lfw/Marc-Andre_Fleury/Marc-Andre_Fleury_0002.jpg,0
lfw/Herman_Edwards/Herman_Edwards_0001.jpg,lfw/Sean_Hayes/Sean_Hayes_0002.jpg,0
lfw/Lino_Oviedo/Lino_Oviedo_0001.jpg,lfw/Lino_Oviedo/Lino_Oviedo_0002.jpg,1
lfw/Artieas_Shanks/Artieas_Shanks_0001.jpg,lfw/Hrithik_Roshan/Hrithik_Roshan_0001.jpg,0
lfw/Giuseppe_Gibilisco/Giuseppe_Gibilisco_0003.jpg,lfw/Giuseppe_Gibilisco/Giuseppe_Gibilisco_0004.jpg,1
lfw/Bart_Hendricks/Bart_Hendricks_0001.jpg,lfw/David_Beckham/David_Beckham_0008.jpg,0
lfw/Cecilia_Bolocco/Cecilia_Bolocco_0001.jpg,lfw/Yann_Martel/Yann_Martel_0002.jpg,0
lfw/Martha_Stewart/Martha_Stewart_0002.jpg,lfw/Martha_Stewart/Martha_Stewart_0005.jpg,1
lfw/Paul_ONeill/Paul_ONeill_0008.jpg,lfw/Steven_Feldman/Steven_Feldman_0001.jpg,0
lfw/Lee_Yeo-jin/Lee_Yeo-jin_0001.jpg,lfw/Mariangel_Ruiz_Torrealba/Mariangel_Ruiz_Torrealba_0001.jpg,0
lfw/Maribel_Dominguez/Maribel_Dominguez_0001.jpg,lfw/Vagit_Alekperov/Vagit_Alekperov_0001.jpg,0
lfw/John_Leguizamo/John_Leguizamo_0001.jpg,lfw/Mel_Gibson/Mel_Gibson_0001.jpg,0
lfw/Vicente_Fernandez/Vicente_Fernandez_0004.jpg,lfw/Vicente_Fernandez/Vicente_Fernandez_0005.jpg,1
lfw/Dale_Earnhardt/Dale_Earnhardt_0001.jpg,lfw/Demi_Moore/Demi_Moore_0001.jpg,0
lfw/Bill_Parcells/Bill_Parcells_0002.jpg,lfw/Jong_Wook_Lee/Jong_Wook_Lee_0004.jpg,0
lfw/Julie_Gerberding/Julie_Gerberding_0008.jpg,lfw/Julie_Gerberding/Julie_Gerberding_0012.jpg,1
lfw/Adolfo_Aguilar_Zinser/Adolfo_Aguilar_Zinser_0002.jpg,lfw/Ian_Wilmut/Ian_Wilmut_0001.jpg,0
lfw/Justin_Leonard/Justin_Leonard_0001.jpg,lfw/Justin_Leonard/Justin_Leonard_0003.jpg,1
lfw/Carlos_Fasciolo/Carlos_Fasciolo_0001.jpg,lfw/Lisa_Gottsegen/Lisa_Gottsegen_0002.jpg,0
lfw/Sean_Combs/Sean_Combs_0001.jpg,lfw/Sherry_Fisher/Sherry_Fisher_0001.jpg,0
lfw/Brandon_Inge/Brandon_Inge_0001.jpg,lfw/Mike_Szymanczyk/Mike_Szymanczyk_0001.jpg,0
lfw/John_Philip_Elkann/John_Philip_Elkann_0001.jpg,lfw/Ray_Morrough/Ray_Morrough_0001.jpg,0
lfw/Edwin_Edwards/Edwin_Edwards_0001.jpg,lfw/Edwin_Edwards/Edwin_Edwards_0002.jpg,1
lfw/Gilles_Panizzi/Gilles_Panizzi_0001.jpg,lfw/Martha_Lucia_Ramirez/Martha_Lucia_Ramirez_0004.jpg,0
lfw/Jason_Bentley/Jason_Bentley_0001.jpg,lfw/Mark_Swartz/Mark_Swartz_0001.jpg,0
lfw/Mark_Lazarus/Mark_Lazarus_0001.jpg,lfw/Olene_Walker/Olene_Walker_0001.jpg,0
lfw/Bob_Curtis/Bob_Curtis_0001.jpg,lfw/Hans_Blix/Hans_Blix_0027.jpg,0
lfw/Caio_Blat/Caio_Blat_0001.jpg,lfw/Paula_Radcliffe/Paula_Radcliffe_0003.jpg,0
lfw/Derek_Bond/Derek_Bond_0001.jpg,lfw/Stacy_Dragila/Stacy_Dragila_0002.jpg,0
lfw/Natalia_Dmitrieva/Natalia_Dmitrieva_0001.jpg,lfw/Nova_Esther_Guthrie/Nova_Esther_Guthrie_0001.jpg,0
lfw/Giulietta_Masina/Giulietta_Masina_0001.jpg,lfw/Hunter_Kemper/Hunter_Kemper_0001.jpg,0
lfw/Jose_Maria_Aznar/Jose_Maria_Aznar_0018.jpg,lfw/Svend_Robinson/Svend_Robinson_0001.jpg,0
lfw/Jeremy_Gompertz/Jeremy_Gompertz_0001.jpg,lfw/Sharon_Frey/Sharon_Frey_0002.jpg,0
lfw/Jennifer_Lopez/Jennifer_Lopez_0003.jpg,lfw/Johnny_Benson/Johnny_Benson_0001.jpg,0
lfw/Coretta_Scott_King/Coretta_Scott_King_0001.jpg,lfw/Tom_Welch/Tom_Welch_0001.jpg,0
lfw/Carrie-Anne_Moss/Carrie-Anne_Moss_0002.jpg,lfw/Carrie-Anne_Moss/Carrie-Anne_Moss_0005.jpg,1
lfw/Lawrence_Vito/Lawrence_Vito_0001.jpg,lfw/Martha_Sahagun_de_Fox/Martha_Sahagun_de_Fox_0001.jpg,0
lfw/Elinor_Caplan/Elinor_Caplan_0001.jpg,lfw/Elinor_Caplan/Elinor_Caplan_0002.jpg,1
lfw/David_Anderson/David_Anderson_0005.jpg,lfw/Sharess_Harrell/Sharess_Harrell_0001.jpg,0
lfw/Sarah_Jessica_Parker/Sarah_Jessica_Parker_0005.jpg,lfw/Sarah_Jessica_Parker/Sarah_Jessica_Parker_0006.jpg,1
lfw/Jose_Dirceu/Jose_Dirceu_0001.jpg,lfw/Jose_Dirceu/Jose_Dirceu_0002.jpg,1
lfw/Hal_Sellers/Hal_Sellers_0001.jpg,lfw/Imad_Khadduri/Imad_Khadduri_0001.jpg,0
lfw/Emma_Watson/Emma_Watson_0002.jpg,lfw/Emma_Watson/Emma_Watson_0003.jpg,1
lfw/Parris_Glendening/Parris_Glendening_0001.jpg,lfw/Stefaan_Declerk/Stefaan_Declerk_0001.jpg,0
lfw/David_Stern/David_Stern_0003.jpg,lfw/David_Stern/David_Stern_0004.jpg,1
lfw/Ciro_Gomes/Ciro_Gomes_0004.jpg,lfw/JT_Snow/JT_Snow_0001.jpg,0
lfw/Andy_Wisecarver/Andy_Wisecarver_0001.jpg,lfw/Peggy_McGuinness/Peggy_McGuinness_0001.jpg,0
lfw/Bernardo_Segura/Bernardo_Segura_0002.jpg,lfw/Mike_Bair/Mike_Bair_0001.jpg,0
lfw/Faisal_Iqbal/Faisal_Iqbal_0001.jpg,lfw/Manfred_Stolpe/Manfred_Stolpe_0001.jpg,0
lfw/Carlos_Ruiz/Carlos_Ruiz_0001.jpg,lfw/Lincoln_Chafee/Lincoln_Chafee_0001.jpg,0
lfw/Carlos_Queiroz/Carlos_Queiroz_0001.jpg,lfw/Pa_Kou_Hang/Pa_Kou_Hang_0001.jpg,0
lfw/Noah_Wyle/Noah_Wyle_0001.jpg,lfw/Noah_Wyle/Noah_Wyle_0002.jpg,1
lfw/Bill_Rainer/Bill_Rainer_0001.jpg,lfw/David_Ballantyne/David_Ballantyne_0001.jpg,0
lfw/Darrell_Issa/Darrell_Issa_0001.jpg,lfw/Martin_Torrijos/Martin_Torrijos_0001.jpg,0
lfw/Rick_Romley/Rick_Romley_0001.jpg,lfw/Rick_Romley/Rick_Romley_0002.jpg,1
lfw/Calista_Flockhart/Calista_Flockhart_0002.jpg,lfw/Calista_Flockhart/Calista_Flockhart_0006.jpg,1
lfw/Cristina_Fernandez/Cristina_Fernandez_0001.jpg,lfw/Cristina_Fernandez/Cristina_Fernandez_0002.jpg,1
lfw/Jacques_Chirac/Jacques_Chirac_0022.jpg,lfw/Jacques_Chirac/Jacques_Chirac_0044.jpg,1
lfw/Alfredo_Moreno/Alfredo_Moreno_0001.jpg,lfw/Dwayne_Wade/Dwayne_Wade_0001.jpg,0
lfw/John_Travolta/John_Travolta_0004.jpg,lfw/John_Travolta/John_Travolta_0005.jpg,1
lfw/Billy_Bob_Thornton/Billy_Bob_Thornton_0001.jpg,lfw/Oscar_DLeon/Oscar_DLeon_0001.jpg,0
lfw/Mikhail_Youzhny/Mikhail_Youzhny_0001.jpg,lfw/Mikhail_Youzhny/Mikhail_Youzhny_0003.jpg,1
lfw/Norm_Coleman/Norm_Coleman_0002.jpg,lfw/Norm_Coleman/Norm_Coleman_0007.jpg,1
lfw/John_McCallum/John_McCallum_0001.jpg,lfw/John_McCallum/John_McCallum_0002.jpg,1
lfw/Alfonso_Cuaron/Alfonso_Cuaron_0001.jpg,lfw/Marcos_Milinkovic/Marcos_Milinkovic_0001.jpg,0
lfw/Christopher_Matero/Christopher_Matero_0001.jpg,lfw/Dita_Von_Tesse/Dita_Von_Tesse_0001.jpg,0
lfw/Rick_Pitino/Rick_Pitino_0001.jpg,lfw/Rick_Pitino/Rick_Pitino_0002.jpg,1
lfw/Afton_Smith/Afton_Smith_0001.jpg,lfw/Mario_Lobo_Zagallo/Mario_Lobo_Zagallo_0001.jpg,0
lfw/Angelo_Reyes/Angelo_Reyes_0001.jpg,lfw/Angelo_Reyes/Angelo_Reyes_0002.jpg,1
lfw/Patrick_Clawsen/Patrick_Clawsen_0001.jpg,lfw/Valerie_Thwaites/Valerie_Thwaites_0001.jpg,0
lfw/Milan_Kucan/Milan_Kucan_0001.jpg,lfw/Yuvraj_Singh/Yuvraj_Singh_0001.jpg,0
lfw/Doug_Wilson/Doug_Wilson_0001.jpg,lfw/Lee_Chang-dong/Lee_Chang-dong_0001.jpg,0
lfw/Guus_Hiddink/Guus_Hiddink_0001.jpg,lfw/Janet_Napolitano/Janet_Napolitano_0003.jpg,0
lfw/Jean-Rene_Fourtou/Jean-Rene_Fourtou_0001.jpg,lfw/Shingo_Katayama/Shingo_Katayama_0001.jpg,0
lfw/Brook_Robinson/Brook_Robinson_0001.jpg,lfw/Paul_Farley/Paul_Farley_0001.jpg,0
lfw/Jason_Vale/Jason_Vale_0001.jpg,lfw/Richard_Cohen/Richard_Cohen_0001.jpg,0
lfw/Angelo_Genova/Angelo_Genova_0001.jpg,lfw/Denise_Locke/Denise_Locke_0001.jpg,0
lfw/Lemuel_Montulo/Lemuel_Montulo_0001.jpg,lfw/Tom_Vilsack/Tom_Vilsack_0001.jpg,0
lfw/Elizabeth_Taylor/Elizabeth_Taylor_0001.jpg,lfw/Shimon_Peres/Shimon_Peres_0003.jpg,0
lfw/Mohamed_ElBaradei/Mohamed_ElBaradei_0005.jpg,lfw/Mohamed_ElBaradei/Mohamed_ElBaradei_0008.jpg,1
lfw/Mark_Rosenbaum/Mark_Rosenbaum_0001.jpg,lfw/Pupi_Avati/Pupi_Avati_0002.jpg,0
lfw/Todd_Haynes/Todd_Haynes_0001.jpg,lfw/Todd_Haynes/Todd_Haynes_0003.jpg,1
lfw/James_Ballenger/James_Ballenger_0001.jpg,lfw/Norah_Jones/Norah_Jones_0005.jpg,0
lfw/Aiysha_Smith/Aiysha_Smith_0001.jpg,lfw/Elijan_Ingram/Elijan_Ingram_0001.jpg,0
lfw/Marcelo_Rios/Marcelo_Rios_0002.jpg,lfw/Marcelo_Rios/Marcelo_Rios_0004.jpg,1
lfw/Glenn_Plummer/Glenn_Plummer_0001.jpg,lfw/Sandra_Banning/Sandra_Banning_0001.jpg,0
lfw/Carlos_Manuel_Pruneda/Carlos_Manuel_Pruneda_0001.jpg,lfw/Carlos_Manuel_Pruneda/Carlos_Manuel_Pruneda_0002.jpg,1
lfw/Gerhard_Schmid/Gerhard_Schmid_0001.jpg,lfw/Noel_Niell/Noel_Niell_0001.jpg,0
lfw/Emmanuelle_Jagodsinski/Emmanuelle_Jagodsinski_0001.jpg,lfw/Zara_Akhmadova/Zara_Akhmadova_0001.jpg,0
lfw/James_Franco/James_Franco_0001.jpg,lfw/James_Franco/James_Franco_0002.jpg,1
lfw/Antonio_Palocci/Antonio_Palocci_0003.jpg,lfw/Antonio_Palocci/Antonio_Palocci_0008.jpg,1
lfw/Lauren_Killian/Lauren_Killian_0001.jpg,lfw/Lauren_Killian/Lauren_Killian_0002.jpg,1
lfw/John_Brady/John_Brady_0001.jpg,lfw/Tom_Brady/Tom_Brady_0001.jpg,0
lfw/Dick_Clark/Dick_Clark_0001.jpg,lfw/Dick_Clark/Dick_Clark_0002.jpg,1
lfw/Chen_Tsai-chin/Chen_Tsai-chin_0001.jpg,lfw/Tim_Welsh/Tim_Welsh_0001.jpg,0
lfw/Justine_Pasek/Justine_Pasek_0005.jpg,lfw/Michael_Rolinee/Michael_Rolinee_0001.jpg,0
lfw/Guillermo_Canas/Guillermo_Canas_0004.jpg,lfw/John_Paul_II/John_Paul_II_0010.jpg,0
lfw/Anne_ONeil/Anne_ONeil_0001.jpg,lfw/Rohinton_Mistry/Rohinton_Mistry_0001.jpg,0
lfw/Tang_Jiaxuan/Tang_Jiaxuan_0001.jpg,lfw/Tang_Jiaxuan/Tang_Jiaxuan_0006.jpg,1
lfw/Russell_Coutts/Russell_Coutts_0001.jpg,lfw/Russell_Coutts/Russell_Coutts_0002.jpg,1
lfw/Larry_Wilmore/Larry_Wilmore_0001.jpg,lfw/Nebojsa_Pavkovic/Nebojsa_Pavkovic_0001.jpg,0
lfw/Pedro_Malan/Pedro_Malan_0002.jpg,lfw/Pedro_Malan/Pedro_Malan_0003.jpg,1
lfw/Cristian_Barros/Cristian_Barros_0001.jpg,lfw/Saied_Hadi_al_Mudarissi/Saied_Hadi_al_Mudarissi_0001.jpg,0
lfw/Dave_Matthews/Dave_Matthews_0001.jpg,lfw/Ruben_Studdard/Ruben_Studdard_0001.jpg,0
lfw/Chen_Shui-bian/Chen_Shui-bian_0003.jpg,lfw/Chen_Shui-bian/Chen_Shui-bian_0005.jpg,1
lfw/Bob_Alper/Bob_Alper_0001.jpg,lfw/Tony_Curtis/Tony_Curtis_0002.jpg,0
lfw/Andrea_Yates/Andrea_Yates_0001.jpg,lfw/Mike_Myers/Mike_Myers_0004.jpg,0
lfw/Dick_Bennett/Dick_Bennett_0001.jpg,lfw/Mike_Farrar/Mike_Farrar_0001.jpg,0
lfw/Freda_Black/Freda_Black_0001.jpg,lfw/Patricia_Clarkson/Patricia_Clarkson_0003.jpg,0
lfw/William_Macy/William_Macy_0002.jpg,lfw/William_Macy/William_Macy_0003.jpg,1
lfw/Leonid_Kuchma/Leonid_Kuchma_0002.jpg,lfw/Leonid_Kuchma/Leonid_Kuchma_0004.jpg,1
lfw/Erskine_Bowles/Erskine_Bowles_0001.jpg,lfw/Joe_Lieberman/Joe_Lieberman_0011.jpg,0
lfw/Alexa_Loren/Alexa_Loren_0001.jpg,lfw/MC_Hammer/MC_Hammer_0001.jpg,0
lfw/Guennadi_Chipouline/Guennadi_Chipouline_0001.jpg,lfw/Maurice_Strong/Maurice_Strong_0001.jpg,0
lfw/Gilberto_Simoni/Gilberto_Simoni_0001.jpg,lfw/Razali_Ismail/Razali_Ismail_0001.jpg,0
lfw/Deb_Santos/Deb_Santos_0001.jpg,lfw/Rodney_Rempt/Rodney_Rempt_0001.jpg,0
lfw/Bill_Nelson/Bill_Nelson_0002.jpg,lfw/Buck_Rodgers/Buck_Rodgers_0001.jpg,0
lfw/Emmit_Smith/Emmit_Smith_0001.jpg,lfw/Francisco_Santos/Francisco_Santos_0001.jpg,0
lfw/Ron_Zook/Ron_Zook_0001.jpg,lfw/Trista_Rehn/Trista_Rehn_0001.jpg,0
lfw/James_Cunningham/James_Cunningham_0002.jpg,lfw/Martin_Kristof/Martin_Kristof_0001.jpg,0
lfw/Li_Ka-shing/Li_Ka-shing_0001.jpg,lfw/Manuel_Poggiali/Manuel_Poggiali_0002.jpg,0
lfw/Mario_Cipollini/Mario_Cipollini_0001.jpg,lfw/Mario_Cipollini/Mario_Cipollini_0002.jpg,1
lfw/Butch_Davis/Butch_Davis_0001.jpg,lfw/Butch_Davis/Butch_Davis_0002.jpg,1
lfw/Bill_Readdy/Bill_Readdy_0001.jpg,lfw/Kirk_Doerger/Kirk_Doerger_0001.jpg,0
lfw/Jay_Leno/Jay_Leno_0003.jpg,lfw/Pele/Pele_0001.jpg,0
lfw/Vaclav_Havel/Vaclav_Havel_0001.jpg,lfw/Vaclav_Havel/Vaclav_Havel_0006.jpg,1
lfw/Mathias_Reichhold/Mathias_Reichhold_0001.jpg,lfw/Paul_ONeill/Paul_ONeill_0009.jpg,0
lfw/Dan_Bartlett/Dan_Bartlett_0001.jpg,lfw/Tim_Robbins/Tim_Robbins_0002.jpg,0
lfw/Jack_Straw/Jack_Straw_0006.jpg,lfw/John_Rosa/John_Rosa_0002.jpg,0
lfw/Bill_Callahan/Bill_Callahan_0002.jpg,lfw/Richard_Tubb/Richard_Tubb_0001.jpg,0
lfw/Bridgette_Wilson-Sampras/Bridgette_Wilson-Sampras_0001.jpg,lfw/Bridgette_Wilson-Sampras/Bridgette_Wilson-Sampras_0002.jpg,1
lfw/Tom_Cruise/Tom_Cruise_0002.jpg,lfw/Tom_Cruise/Tom_Cruise_0004.jpg,1
lfw/Kristen_Rivera/Kristen_Rivera_0001.jpg,lfw/Mary_Robinson/Mary_Robinson_0001.jpg,0
lfw/Patrick_Leahy/Patrick_Leahy_0001.jpg,lfw/Patrick_Leahy/Patrick_Leahy_0002.jpg,1
lfw/Anastasia_Myskina/Anastasia_Myskina_0002.jpg,lfw/Maureen_Fanning/Maureen_Fanning_0001.jpg,0
lfw/Piotr_Anderszewski/Piotr_Anderszewski_0001.jpg,lfw/Yoshiyuki_Kamei/Yoshiyuki_Kamei_0001.jpg,0
lfw/Jacques_Rogge/Jacques_Rogge_0004.jpg,lfw/Jacques_Rogge/Jacques_Rogge_0006.jpg,1
lfw/Jerry_Lewis/Jerry_Lewis_0001.jpg,lfw/Takashi_Sorimachi/Takashi_Sorimachi_0001.jpg,0
lfw/Yoriko_Kawaguchi/Yoriko_Kawaguchi_0003.jpg,lfw/Yoriko_Kawaguchi/Yoriko_Kawaguchi_0010.jpg,1
lfw/Ellen_DeGeneres/Ellen_DeGeneres_0002.jpg,lfw/Kevin_Keegan/Kevin_Keegan_0001.jpg,0
lfw/Robert_Redford/Robert_Redford_0002.jpg,lfw/Robert_Redford/Robert_Redford_0005.jpg,1
lfw/Jim_Fassel/Jim_Fassel_0001.jpg,lfw/Mark_Hamister/Mark_Hamister_0001.jpg,0
lfw/Shi_Guangsheng/Shi_Guangsheng_0001.jpg,lfw/TA_McLendon/TA_McLendon_0001.jpg,0
lfw/Carolina_Moraes/Carolina_Moraes_0002.jpg,lfw/Hushiar_Zebari/Hushiar_Zebari_0001.jpg,0
lfw/Alan_Greenspan/Alan_Greenspan_0001.jpg,lfw/Alan_Greenspan/Alan_Greenspan_0005.jpg,1
lfw/Osama_bin_Laden/Osama_bin_Laden_0002.jpg,lfw/Osama_bin_Laden/Osama_bin_Laden_0004.jpg,1
lfw/Rachel_Griffiths/Rachel_Griffiths_0001.jpg,lfw/Rachel_Griffiths/Rachel_Griffiths_0003.jpg,1
lfw/Brook_Robinson/Brook_Robinson_0001.jpg,lfw/Wan_Yanhai/Wan_Yanhai_0001.jpg,0
lfw/Karen_Lynn_Gorney/Karen_Lynn_Gorney_0001.jpg,lfw/Soon_Yi/Soon_Yi_0001.jpg,0
lfw/Todd_Haynes/Todd_Haynes_0001.jpg,lfw/Todd_Haynes/Todd_Haynes_0004.jpg,1
lfw/Jeffery_Strelzin/Jeffery_Strelzin_0001.jpg,lfw/Ratna_Sari_Dewi_Sukarno/Ratna_Sari_Dewi_Sukarno_0001.jpg,0
lfw/David_Gest/David_Gest_0001.jpg,lfw/Hikmat_al-Azzawi/Hikmat_al-Azzawi_0001.jpg,0
lfw/Masja_Juel/Masja_Juel_0001.jpg,lfw/Normand_Legault/Normand_Legault_0001.jpg,0
lfw/Faisal_Saleh_Hayat/Faisal_Saleh_Hayat_0001.jpg,lfw/Keira_Knightley/Keira_Knightley_0002.jpg,0
lfw/Melissa_Stark/Melissa_Stark_0001.jpg,lfw/William_Ragland/William_Ragland_0001.jpg,0
lfw/Gennifer_Flowers/Gennifer_Flowers_0001.jpg,lfw/Ralph_Lauren/Ralph_Lauren_0002.jpg,0
lfw/Amanda_Bynes/Amanda_Bynes_0001.jpg,lfw/Amanda_Bynes/Amanda_Bynes_0002.jpg,1
lfw/Jessica_Brungo/Jessica_Brungo_0001.jpg,lfw/LeAnn_Rimes/LeAnn_Rimes_0001.jpg,0
lfw/Cesar_Gaviria/Cesar_Gaviria_0004.jpg,lfw/Sasha_Alexander/Sasha_Alexander_0001.jpg,0
lfw/Fabiola_Zuluaga/Fabiola_Zuluaga_0001.jpg,lfw/Fabiola_Zuluaga/Fabiola_Zuluaga_0002.jpg,1
lfw/Frank_Hilldrup/Frank_Hilldrup_0001.jpg,lfw/Nathalie_Baye/Nathalie_Baye_0002.jpg,0
lfw/Richard_Armitage/Richard_Armitage_0006.jpg,lfw/Sila_Calderon/Sila_Calderon_0001.jpg,0
lfw/Matt_Doherty/Matt_Doherty_0001.jpg,lfw/Matt_Doherty/Matt_Doherty_0003.jpg,1
lfw/George_Foreman/George_Foreman_0001.jpg,lfw/George_Foreman/George_Foreman_0002.jpg,1
lfw/Mark_Richt/Mark_Richt_0002.jpg,lfw/Mark_Richt/Mark_Richt_0003.jpg,1
lfw/Arye_Mekel/Arye_Mekel_0001.jpg,lfw/Jaouad_Gharib/Jaouad_Gharib_0001.jpg,0
lfw/Donnie_Brennan/Donnie_Brennan_0001.jpg,lfw/Lesley_McCulloch/Lesley_McCulloch_0003.jpg,0
lfw/Pham_Sy_Chien/Pham_Sy_Chien_0001.jpg,lfw/Sharon_Stone/Sharon_Stone_0005.jpg,0
lfw/Jennifer_Capriati/Jennifer_Capriati_0003.jpg,lfw/Jennifer_Capriati/Jennifer_Capriati_0013.jpg,1
lfw/Alan_Jackson/Alan_Jackson_0001.jpg,lfw/Geoff_Dixon/Geoff_Dixon_0001.jpg,0
lfw/Andy_Rooney/Andy_Rooney_0001.jpg,lfw/Mike_Krzyzewski/Mike_Krzyzewski_0002.jpg,0
lfw/Ben_Kingsley/Ben_Kingsley_0001.jpg,lfw/Tom_Lantos/Tom_Lantos_0001.jpg,0
lfw/Florencia_Kirchner/Florencia_Kirchner_0001.jpg,lfw/Marat_Safin/Marat_Safin_0002.jpg,0
lfw/Jean_Brumley/Jean_Brumley_0002.jpg,lfw/Pamela_Anderson/Pamela_Anderson_0005.jpg,0
lfw/LK_Advani/LK_Advani_0001.jpg,lfw/LK_Advani/LK_Advani_0003.jpg,1
lfw/Chanda_Rubin/Chanda_Rubin_0002.jpg,lfw/Chanda_Rubin/Chanda_Rubin_0004.jpg,1
lfw/Kellie_Coffey/Kellie_Coffey_0001.jpg,lfw/Mark_Gangloff/Mark_Gangloff_0001.jpg,0
lfw/Julie_Infante/Julie_Infante_0001.jpg,lfw/Mike_Easley/Mike_Easley_0001.jpg,0
lfw/Joseph_Ralston/Joseph_Ralston_0001.jpg,lfw/Shia_LaBeouf/Shia_LaBeouf_0002.jpg,0
lfw/Andres_Pastrana/Andres_Pastrana_0001.jpg,lfw/Juan_Antonio_Samaranch/Juan_Antonio_Samaranch_0001.jpg,0
lfw/Jean_Carnahan/Jean_Carnahan_0001.jpg,lfw/Jean_Carnahan/Jean_Carnahan_0002.jpg,1
lfw/Buzz_Hargrove/Buzz_Hargrove_0001.jpg,lfw/Keith_Olbermann/Keith_Olbermann_0001.jpg,0
lfw/Mark_Dacey/Mark_Dacey_0001.jpg,lfw/Mark_Dacey/Mark_Dacey_0002.jpg,1
lfw/David_Sibleyk/David_Sibleyk_0001.jpg,lfw/Mikhail_Khodorkovsky/Mikhail_Khodorkovsky_0001.jpg,0
lfw/Richard_Gere/Richard_Gere_0001.jpg,lfw/Richard_Gere/Richard_Gere_0010.jpg,1
lfw/Jeong_Se-hyun/Jeong_Se-hyun_0004.jpg,lfw/Jeong_Se-hyun/Jeong_Se-hyun_0005.jpg,1
lfw/Brandon_Inge/Brandon_Inge_0001.jpg,lfw/Jose_Lopez_Beltran/Jose_Lopez_Beltran_0001.jpg,0
lfw/Mahmoud_Abbas/Mahmoud_Abbas_0019.jpg,lfw/Mahmoud_Abbas/Mahmoud_Abbas_0026.jpg,1
lfw/Anjum_Hussain/Anjum_Hussain_0001.jpg,lfw/Vaclav_Klaus/Vaclav_Klaus_0001.jpg,0
lfw/Felipe_Perez_Roque/Felipe_Perez_Roque_0002.jpg,lfw/Felipe_Perez_Roque/Felipe_Perez_Roque_0004.jpg,1
lfw/Alfredo_di_Stefano/Alfredo_di_Stefano_0001.jpg,lfw/Robert_Pollack/Robert_Pollack_0001.jpg,0
lfw/Ed_Smart/Ed_Smart_0003.jpg,lfw/Zaini_Abdullah/Zaini_Abdullah_0001.jpg,0
lfw/Thomas_OBrien/Thomas_OBrien_0008.jpg,lfw/Thomas_OBrien/Thomas_OBrien_0009.jpg,1
lfw/George_W_Bush/George_W_Bush_0407.jpg,lfw/Rachel_Kempson/Rachel_Kempson_0001.jpg,0
lfw/Ahmet_Demir/Ahmet_Demir_0001.jpg,lfw/Karen_Lynn_Gorney/Karen_Lynn_Gorney_0001.jpg,0
lfw/Alberto_Gonzales/Alberto_Gonzales_0001.jpg,lfw/Tina_Pisnik/Tina_Pisnik_0001.jpg,0
lfw/Alex_King/Alex_King_0001.jpg,lfw/Lynne_Thigpen/Lynne_Thigpen_0001.jpg,0
lfw/Alexander_Lukashenko/Alexander_Lukashenko_0001.jpg,lfw/Richard_Haass/Richard_Haass_0001.jpg,0
lfw/Christoph_Daum/Christoph_Daum_0001.jpg,lfw/Mitchell_Crooks/Mitchell_Crooks_0001.jpg,0
lfw/Melissa_Etheridge/Melissa_Etheridge_0001.jpg,lfw/Melissa_Etheridge/Melissa_Etheridge_0002.jpg,1
lfw/Martin_Cauchon/Martin_Cauchon_0001.jpg,lfw/Martin_Cauchon/Martin_Cauchon_0002.jpg,1
lfw/Cameron_Diaz/Cameron_Diaz_0001.jpg,lfw/Kim_Dae-jung/Kim_Dae-jung_0003.jpg,0
lfw/Graham_Bentley/Graham_Bentley_0001.jpg,lfw/Monica_Seles/Monica_Seles_0004.jpg,0
lfw/Buck_Rodgers/Buck_Rodgers_0001.jpg,lfw/Paul_ONeill/Paul_ONeill_0009.jpg,0
lfw/Katrin_Susi/Katrin_Susi_0001.jpg,lfw/Leonard_Hamilton/Leonard_Hamilton_0001.jpg,0
lfw/Bill_Kong/Bill_Kong_0001.jpg,lfw/Herta_Daeubler-Gmelin/Herta_Daeubler-Gmelin_0002.jpg,0
lfw/Debra_Yang/Debra_Yang_0001.jpg,lfw/Morgan_Fairchild/Morgan_Fairchild_0001.jpg,0
lfw/Harriet_Lessy/Harriet_Lessy_0001.jpg,lfw/Petria_Thomas/Petria_Thomas_0003.jpg,0
lfw/Hector_Grullon/Hector_Grullon_0001.jpg,lfw/Nicolas_Cage/Nicolas_Cage_0004.jpg,0
lfw/Pringe_Ernst_August/Pringe_Ernst_August_0001.jpg,lfw/Suzanne_Haik_Terrell/Suzanne_Haik_Terrell_0001.jpg,0
lfw/Nancy_Pelosi/Nancy_Pelosi_0002.jpg,lfw/Nancy_Pelosi/Nancy_Pelosi_0005.jpg,1
lfw/Mitoji_Yabunaka/Mitoji_Yabunaka_0001.jpg,lfw/Sanjay_Gupta/Sanjay_Gupta_0001.jpg,0
lfw/Anibal_Ibarra/Anibal_Ibarra_0001.jpg,lfw/Christine_Arron/Christine_Arron_0001.jpg,0
lfw/Kristin_Scott/Kristin_Scott_0001.jpg,lfw/Milt_Palacio/Milt_Palacio_0001.jpg,0
lfw/Gary_Doer/Gary_Doer_0002.jpg,lfw/Gary_Doer/Gary_Doer_0003.jpg,1
lfw/Rick_Wagoner/Rick_Wagoner_0001.jpg,lfw/Rick_Wagoner/Rick_Wagoner_0002.jpg,1
lfw/Jean-Claude_Juncker/Jean-Claude_Juncker_0001.jpg,lfw/Jean-Claude_Juncker/Jean-Claude_Juncker_0002.jpg,1
lfw/Herb_Sendek/Herb_Sendek_0003.jpg,lfw/Hillary_Clinton/Hillary_Clinton_0003.jpg,0
lfw/Mohamed_ElBaradei/Mohamed_ElBaradei_0003.jpg,lfw/Mohamed_ElBaradei/Mohamed_ElBaradei_0006.jpg,1
lfw/Johnny_Carson/Johnny_Carson_0001.jpg,lfw/Johnny_Carson/Johnny_Carson_0002.jpg,1
lfw/Bruce_Van_De_Velde/Bruce_Van_De_Velde_0001.jpg,lfw/Greg_Owen/Greg_Owen_0001.jpg,0
lfw/Iain_Anderson/Iain_Anderson_0001.jpg,lfw/Troy_Garity/Troy_Garity_0001.jpg,0
lfw/Patrick_Ewing/Patrick_Ewing_0002.jpg,lfw/Tali_Imani/Tali_Imani_0001.jpg,0
lfw/Melina_Kanakaredes/Melina_Kanakaredes_0001.jpg,lfw/Tom_Brennan/Tom_Brennan_0001.jpg,0
lfw/David_Ballantyne/David_Ballantyne_0001.jpg,lfw/Job_Cohen/Job_Cohen_0001.jpg,0
lfw/Alec_Baldwin/Alec_Baldwin_0003.jpg,lfw/Molly_Sims/Molly_Sims_0001.jpg,0
lfw/Jacques_Chirac/Jacques_Chirac_0031.jpg,lfw/Jacques_Chirac/Jacques_Chirac_0052.jpg,1
lfw/Hermes_Gamonal/Hermes_Gamonal_0001.jpg,lfw/Jason_Biggs/Jason_Biggs_0001.jpg,0
lfw/John_Negroponte/John_Negroponte_0004.jpg,lfw/John_Negroponte/John_Negroponte_0017.jpg,1
lfw/Rick_Perry/Rick_Perry_0001.jpg,lfw/Rick_Perry/Rick_Perry_0002.jpg,1
lfw/Emmy_Rossum/Emmy_Rossum_0001.jpg,lfw/Samantha_Ledster/Samantha_Ledster_0001.jpg,0
lfw/Bill_McBride/Bill_McBride_0002.jpg,lfw/Bill_McBride/Bill_McBride_0010.jpg,1
lfw/Alejandro_Lopez/Alejandro_Lopez_0001.jpg,lfw/Urmila_Matondkar/Urmila_Matondkar_0001.jpg,0
lfw/Hung_Wan-ting/Hung_Wan-ting_0001.jpg,lfw/Intisar_Ajouri/Intisar_Ajouri_0001.jpg,0
lfw/Dan_LaCoutre/Dan_LaCoutre_0001.jpg,lfw/Hernan_Diaz/Hernan_Diaz_0001.jpg,0
lfw/Andrew_Bernard/Andrew_Bernard_0001.jpg,lfw/Colin_Farrell/Colin_Farrell_0006.jpg,0
lfw/Gary_Condit/Gary_Condit_0001.jpg,lfw/Peter_Medgyessy/Peter_Medgyessy_0001.jpg,0
lfw/Tim_Allen/Tim_Allen_0002.jpg,lfw/Tim_Allen/Tim_Allen_0004.jpg,1
lfw/Joan_Dangerfield/Joan_Dangerfield_0001.jpg,lfw/John_Richardson/John_Richardson_0001.jpg,0
lfw/Luke_Ridnour/Luke_Ridnour_0001.jpg,lfw/Najib_al-Salhi/Najib_al-Salhi_0001.jpg,0
lfw/Jean-Francois_Pontal/Jean-Francois_Pontal_0001.jpg,lfw/Stella_McCartney/Stella_McCartney_0001.jpg,0
lfw/Arnold_Palmer/Arnold_Palmer_0002.jpg,lfw/Marc_Gold/Marc_Gold_0001.jpg,0
lfw/Glafcos_Clerides/Glafcos_Clerides_0001.jpg,lfw/Glafcos_Clerides/Glafcos_Clerides_0004.jpg,1
lfw/Penelope_Cruz/Penelope_Cruz_0001.jpg,lfw/Penelope_Cruz/Penelope_Cruz_0002.jpg,1
lfw/Gene_Robinson/Gene_Robinson_0002.jpg,lfw/Gene_Robinson/Gene_Robinson_0004.jpg,1
lfw/Helen_Alvare/Helen_Alvare_0001.jpg,lfw/Pablo_Khulental/Pablo_Khulental_0001.jpg,0
lfw/James_Roberts/James_Roberts_0001.jpg,lfw/Olesya_Bonabarenko/Olesya_Bonabarenko_0002.jpg,0
lfw/Tom_Vilsack/Tom_Vilsack_0001.jpg,lfw/Wayne_Ferreira/Wayne_Ferreira_0005.jpg,0
lfw/Emily_Robison/Emily_Robison_0002.jpg,lfw/Penelope_Taylor/Penelope_Taylor_0001.jpg,0
lfw/Franck_Cerutti/Franck_Cerutti_0001.jpg,lfw/Katrin_Cartlidge/Katrin_Cartlidge_0001.jpg,0
lfw/Gregory_Hines/Gregory_Hines_0001.jpg,lfw/Gregory_Hines/Gregory_Hines_0002.jpg,1
lfw/John_Petty/John_Petty_0001.jpg,lfw/Stephen_Frears/Stephen_Frears_0001.jpg,0
lfw/Harry_Kalas/Harry_Kalas_0001.jpg,lfw/Harry_Kalas/Harry_Kalas_0002.jpg,1
lfw/Larry_Johnson/Larry_Johnson_0002.jpg,lfw/Lee_Ann_Womack/Lee_Ann_Womack_0001.jpg,0
lfw/Chita_Rivera/Chita_Rivera_0001.jpg,lfw/Chita_Rivera/Chita_Rivera_0002.jpg,1
lfw/Jimmy_Carter/Jimmy_Carter_0004.jpg,lfw/Jimmy_Carter/Jimmy_Carter_0008.jpg,1
lfw/Kevin_Stallings/Kevin_Stallings_0002.jpg,lfw/Zico/Zico_0001.jpg,0
lfw/David_Wells/David_Wells_0007.jpg,lfw/Stefaan_Declerk/Stefaan_Declerk_0001.jpg,0
lfw/Andy_Roddick/Andy_Roddick_0001.jpg,lfw/Richard_Gephardt/Richard_Gephardt_0004.jpg,0
lfw/Billy_Joel/Billy_Joel_0001.jpg,lfw/Lloyd_Richards/Lloyd_Richards_0001.jpg,0
lfw/Angela_Merkel/Angela_Merkel_0001.jpg,lfw/John_Edwards/John_Edwards_0006.jpg,0
lfw/Carolyn_Dawn_Johnson/Carolyn_Dawn_Johnson_0002.jpg,lfw/Carolyn_Dawn_Johnson/Carolyn_Dawn_Johnson_0003.jpg,1
lfw/Heather_Locklear/Heather_Locklear_0001.jpg,lfw/Landon_Donovan/Landon_Donovan_0001.jpg,0
lfw/Chelsea_Clinton/Chelsea_Clinton_0001.jpg,lfw/Mohamed_Seineldin/Mohamed_Seineldin_0001.jpg,0
lfw/Vincent_Brooks/Vincent_Brooks_0002.jpg,lfw/Vincent_Brooks/Vincent_Brooks_0006.jpg,1
lfw/Brian_Pavlich/Brian_Pavlich_0001.jpg,lfw/Scott_Sullivan/Scott_Sullivan_0001.jpg,0
lfw/Jakob_Kellenberger/Jakob_Kellenberger_0001.jpg,lfw/Riccardo_Muti/Riccardo_Muti_0001.jpg,0
lfw/Ben_Howland/Ben_Howland_0002.jpg,lfw/Conan_OBrien/Conan_OBrien_0001.jpg,0
lfw/Peter_Greenaway/Peter_Greenaway_0001.jpg,lfw/Peter_Greenaway/Peter_Greenaway_0002.jpg,1
lfw/Hedayat_Amin_Arsala/Hedayat_Amin_Arsala_0001.jpg,lfw/Ray_Lucas/Ray_Lucas_0001.jpg,0
lfw/Vaclav_Havel/Vaclav_Havel_0001.jpg,lfw/Vaclav_Havel/Vaclav_Havel_0009.jpg,1
lfw/Ernest_Hollings/Ernest_Hollings_0001.jpg,lfw/Steve_Backley/Steve_Backley_0001.jpg,0
lfw/Carlos_Barra/Carlos_Barra_0001.jpg,lfw/Princess_Aiko/Princess_Aiko_0001.jpg,0
lfw/Jesse_Ventura/Jesse_Ventura_0001.jpg,lfw/Jesse_Ventura/Jesse_Ventura_0003.jpg,1
lfw/Ellen_DeGeneres/Ellen_DeGeneres_0001.jpg,lfw/Fernando_Sanz/Fernando_Sanz_0001.jpg,0
lfw/Richard_Shelby/Richard_Shelby_0001.jpg,lfw/Richard_Shelby/Richard_Shelby_0002.jpg,1
lfw/Dick_Clark/Dick_Clark_0001.jpg,lfw/Dick_Clark/Dick_Clark_0003.jpg,1
lfw/Carla_Gay_Balingit/Carla_Gay_Balingit_0001.jpg,lfw/Fernando_Henrique_Cardoso/Fernando_Henrique_Cardoso_0005.jpg,0
lfw/Mohammed_Ashraf_Hafiz/Mohammed_Ashraf_Hafiz_0001.jpg,lfw/Ronald_Young_Jr/Ronald_Young_Jr_0001.jpg,0
lfw/John_Lithgow/John_Lithgow_0001.jpg,lfw/Manuel_Llorente/Manuel_Llorente_0001.jpg,0
lfw/Graeme_Smith/Graeme_Smith_0001.jpg,lfw/Silvia_Farina_Elia/Silvia_Farina_Elia_0002.jpg,0
lfw/Begum_Khaleda_Zia/Begum_Khaleda_Zia_0001.jpg,lfw/Begum_Khaleda_Zia/Begum_Khaleda_Zia_0002.jpg,1
lfw/James_Kopp/James_Kopp_0002.jpg,lfw/James_Kopp/James_Kopp_0003.jpg,1
lfw/Bono/Bono_0001.jpg,lfw/Bono/Bono_0003.jpg,1
lfw/Jimmy_Carter/Jimmy_Carter_0008.jpg,lfw/Jimmy_Carter/Jimmy_Carter_0009.jpg,1
lfw/Carla_Myers/Carla_Myers_0002.jpg,lfw/John_Henry/John_Henry_0001.jpg,0
lfw/Lorne_Michaels/Lorne_Michaels_0001.jpg,lfw/Tex_Ritter/Tex_Ritter_0001.jpg,0
lfw/Kurt_Warner/Kurt_Warner_0001.jpg,lfw/Kurt_Warner/Kurt_Warner_0005.jpg,1
lfw/Donald_Hays/Donald_Hays_0001.jpg,lfw/Roger_Moore/Roger_Moore_0003.jpg,0
lfw/Carlos_Moya/Carlos_Moya_0007.jpg,lfw/Carlos_Moya/Carlos_Moya_0011.jpg,1
lfw/Irwan_Fadzi_Idris/Irwan_Fadzi_Idris_0001.jpg,lfw/Ted_Maher/Ted_Maher_0002.jpg,0
lfw/Julian_Fantino/Julian_Fantino_0001.jpg,lfw/Paola_Espinoza/Paola_Espinoza_0001.jpg,0
lfw/Joanne_Woodward/Joanne_Woodward_0001.jpg,lfw/Pedro_Duque/Pedro_Duque_0001.jpg,0
lfw/Robert_Redford/Robert_Redford_0002.jpg,lfw/Robert_Redford/Robert_Redford_0003.jpg,1
lfw/Damon_van_Dam/Damon_van_Dam_0001.jpg,lfw/Maria_Shkolnikova/Maria_Shkolnikova_0001.jpg,0
lfw/Angelica_Romero/Angelica_Romero_0001.jpg,lfw/Hama_Arba_Diallo/Hama_Arba_Diallo_0001.jpg,0
lfw/Heather_Willson/Heather_Willson_0001.jpg,lfw/Jeanette_Stauffer/Jeanette_Stauffer_0001.jpg,0
lfw/King_Abdullah_II/King_Abdullah_II_0001.jpg,lfw/King_Abdullah_II/King_Abdullah_II_0004.jpg,1
lfw/Alejandro_Atchugarry/Alejandro_Atchugarry_0001.jpg,lfw/Alejandro_Atchugarry/Alejandro_Atchugarry_0002.jpg,1
lfw/Martha_Stewart/Martha_Stewart_0003.jpg,lfw/Martha_Stewart/Martha_Stewart_0005.jpg,1
lfw/Gary_Doer/Gary_Doer_0001.jpg,lfw/Gary_Doer/Gary_Doer_0002.jpg,1
lfw/Ed_Smart/Ed_Smart_0003.jpg,lfw/William_Shatner/William_Shatner_0001.jpg,0
lfw/Anwar_Ibrahim/Anwar_Ibrahim_0001.jpg,lfw/Santiago_Botero/Santiago_Botero_0001.jpg,0
lfw/Bill_Richardson/Bill_Richardson_0001.jpg,lfw/Roger_Grimes/Roger_Grimes_0001.jpg,0
lfw/Kim_Clijsters/Kim_Clijsters_0006.jpg,lfw/Stephen_Ambrose/Stephen_Ambrose_0002.jpg,0
lfw/David_Suazo/David_Suazo_0001.jpg,lfw/Liliana_Cavani/Liliana_Cavani_0001.jpg,0
lfw/Jeffrey_Archer/Jeffrey_Archer_0001.jpg,lfw/Kelly_Osbourne/Kelly_Osbourne_0001.jpg,0
lfw/Jim_Bollman/Jim_Bollman_0001.jpg,lfw/Timothy_Coughlin/Timothy_Coughlin_0001.jpg,0
lfw/Azmi_Bishara/Azmi_Bishara_0001.jpg,lfw/Ludivine_Sagnier/Ludivine_Sagnier_0003.jpg,0
lfw/Derrick_Rodgers/Derrick_Rodgers_0001.jpg,lfw/Evo_Morales/Evo_Morales_0001.jpg,0
lfw/Donald_Pettit/Donald_Pettit_0001.jpg,lfw/Donald_Pettit/Donald_Pettit_0002.jpg,1
lfw/Luciano_Pavarotti/Luciano_Pavarotti_0001.jpg,lfw/Luciano_Pavarotti/Luciano_Pavarotti_0003.jpg,1
lfw/Kosuke_Kitajima/Kosuke_Kitajima_0001.jpg,lfw/Kosuke_Kitajima/Kosuke_Kitajima_0002.jpg,1
lfw/Chris_Bell/Chris_Bell_0001.jpg,lfw/Chris_Bell/Chris_Bell_0002.jpg,1
lfw/Donald_Pettit/Donald_Pettit_0002.jpg,lfw/Donald_Pettit/Donald_Pettit_0003.jpg,1
lfw/Claudine_Farrell/Claudine_Farrell_0001.jpg,lfw/Dave_McNally/Dave_McNally_0001.jpg,0
lfw/Giulietta_Masina/Giulietta_Masina_0001.jpg,lfw/Saied_Hadi_al_Mudarissi/Saied_Hadi_al_Mudarissi_0001.jpg,0
lfw/Kristen_Breitweiser/Kristen_Breitweiser_0001.jpg,lfw/Kristen_Breitweiser/Kristen_Breitweiser_0002.jpg,1
lfw/John_Starks/John_Starks_0001.jpg,lfw/Kenenisa_Bekele/Kenenisa_Bekele_0001.jpg,0
lfw/Peter_Bacanovic/Peter_Bacanovic_0001.jpg,lfw/Zhang_Wenkang/Zhang_Wenkang_0001.jpg,0
lfw/Ernie_Els/Ernie_Els_0001.jpg,lfw/Octavio_Lara/Octavio_Lara_0001.jpg,0
lfw/Princess_Anne/Princess_Anne_0002.jpg,lfw/Tab_Turner/Tab_Turner_0001.jpg,0
lfw/Josh_Evans/Josh_Evans_0001.jpg,lfw/Sok_An/Sok_An_0001.jpg,0
lfw/Misty_Dawn_Clymer/Misty_Dawn_Clymer_0001.jpg,lfw/Terry_Stotts/Terry_Stotts_0002.jpg,0
lfw/Kathryn_Tucker/Kathryn_Tucker_0001.jpg,lfw/Tony_Fernandes/Tony_Fernandes_0001.jpg,0
lfw/Francisco_Santos/Francisco_Santos_0001.jpg,lfw/Jan_Bjoerklund/Jan_Bjoerklund_0001.jpg,0
lfw/Ernie_Fletcher/Ernie_Fletcher_0001.jpg,lfw/Ernie_Fletcher/Ernie_Fletcher_0002.jpg,1
lfw/Dick_Clark/Dick_Clark_0002.jpg,lfw/Dick_Clark/Dick_Clark_0003.jpg,1
lfw/Bernard_Giraudeau/Bernard_Giraudeau_0001.jpg,lfw/Marsha_Sharp/Marsha_Sharp_0001.jpg,0
lfw/Bill_Stein/Bill_Stein_0001.jpg,lfw/Chip_Burrus/Chip_Burrus_0001.jpg,0
lfw/Kaye_Young/Kaye_Young_0001.jpg,lfw/Ted_Williams/Ted_Williams_0001.jpg,0
lfw/Michel_Duclos/Michel_Duclos_0001.jpg,lfw/Michel_Duclos/Michel_Duclos_0002.jpg,1
lfw/Inga_Hall/Inga_Hall_0001.jpg,lfw/Richard_Tubb/Richard_Tubb_0001.jpg,0
lfw/Dan_LaCoutre/Dan_LaCoutre_0001.jpg,lfw/Michael_Jasny/Michael_Jasny_0001.jpg,0
lfw/Nancy_Pelosi/Nancy_Pelosi_0013.jpg,lfw/Nancy_Pelosi/Nancy_Pelosi_0014.jpg,1
lfw/Pier_Ferdinando_Casini/Pier_Ferdinando_Casini_0001.jpg,lfw/Tom_Curley/Tom_Curley_0001.jpg,0
lfw/Hank_Stram/Hank_Stram_0001.jpg,lfw/Quin_Snyder/Quin_Snyder_0001.jpg,0
